user_genome	classification	genome_size
binchicken_emerge_co106.403	d__Archaea;p__Thermoproteota;c__Bathyarchaeia;o__Bathyarchaeales;f__UBA233;g__;s__	1470543
binchicken_emerge_co185.459	d__Archaea;p__Thermoplasmatota;c__Thermoplasmata;o__Methanomassiliicoccales;f__UBA472;g__;s__	2483117
binchicken_emerge_co217.349	d__Archaea;p__Thermoplasmatota;c__Thermoplasmata;o__Methanomassiliicoccales;f__UBA472;g__;s__	2707623
binchicken_emerge_co82.78	d__Archaea;p__Nanoarchaeota;c__Nanoarchaeia;o__SCGC-AAA011-G17;f__VGLX01;g__;s__	976003
binchicken_fen_co180.296	d__Archaea;p__Thermoplasmatota;c__Thermoplasmata;o__Methanomassiliicoccales;f__UBA472;g__;s__	1984192
binchicken_fen_co181.503	d__Archaea;p__Thermoplasmatota;c__Thermoplasmata;o__Methanomassiliicoccales;f__UBA472;g__;s__	2113438
binchicken_fen_co193.250	d__Archaea;p__Thermoplasmatota;c__Thermoplasmata;o__Methanomassiliicoccales;f__UBA472;g__;s__	2044008
binchicken_fen_co195.274	d__Archaea;p__Thermoplasmatota;c__Thermoplasmata;o__Methanomassiliicoccales;f__UBA472;g__;s__	2126488
binchicken_fen_co197.448	d__Archaea;p__Thermoplasmatota;c__Thermoplasmata;o__Methanomassiliicoccales;f__UBA472;g__;s__	2657083
binchicken_fen_co202.374	d__Archaea;p__Thermoplasmatota;c__Thermoplasmata;o__Methanomassiliicoccales;f__UBA472;g__;s__	2160251
binchicken_fen_co205.432	d__Archaea;p__Thermoplasmatota;c__Thermoplasmata;o__Methanomassiliicoccales;f__UBA472;g__;s__	2586506
binchicken_fen_co226.403	d__Archaea;p__Thermoplasmatota;c__Thermoplasmata;o__Methanomassiliicoccales;f__UBA472;g__;s__	2093863
binchicken_fen_co234.76	d__Archaea;p__Nanoarchaeota;c__Nanoarchaeia;o__Woesearchaeales;f__UBA10107;g__;s__	1055794
binchicken_palsa_co172.327	d__Archaea;p__Thermoplasmatota;c__Thermoplasmata;o__Methanomassiliicoccales;f__UBA472;g__;s__	1965117
binchicken_bog_co210.562	d__Bacteria;p__Eremiobacterota;c__Eremiobacteria;o__Baltobacterales;f__Baltobacteraceae;g__;s__	3215458
binchicken_bog_co214.331	d__Bacteria;p__Patescibacteria;c__Saccharimonadia;o__Saccharimonadales;f__UBA4665;g__;s__	1048354
binchicken_bog_co214.391	d__Bacteria;p__Patescibacteria;c__Saccharimonadia;o__Saccharimonadales;f__UBA4665;g__;s__	775528
binchicken_bog_co216.174	d__Bacteria;p__Acidobacteriota;c__Terriglobia;o__Terriglobales;f__Acidobacteriaceae;g__;s__	5671060
binchicken_bog_co218.38	d__Bacteria;p__Actinomycetota;c__Actinomycetes;o__Streptosporangiales;f__Streptosporangiaceae;g__;s__	5825848
binchicken_bog_co219.429	d__Bacteria;p__Acidobacteriota;c__Terriglobia;o__Terriglobales;f__Koribacteraceae;g__;s__	3341518
binchicken_bog_co220.432	d__Bacteria;p__Patescibacteria;c__Doudnabacteria;o__UBA920;f__;g__;s__	872438
binchicken_bog_co220.96	d__Bacteria;p__Patescibacteria;c__Saccharimonadia;o__Saccharimonadales;f__UBA4665;g__;s__	787497
binchicken_bog_co225.134	d__Bacteria;p__FCPU426;c__Palsa-1180;o__Palsa-1180;f__Palsa-1180;g__;s__	3886009
binchicken_bog_co226.333	d__Bacteria;p__Patescibacteria;c__Saccharimonadia;o__Saccharimonadales;f__UBA4665;g__;s__	868031
binchicken_bog_co227.63	d__Bacteria;p__FCPU426;c__Palsa-1180;o__Palsa-1180;f__Palsa-1180;g__;s__	4052593
binchicken_bog_co228.131	d__Bacteria;p__Patescibacteria;c__Saccharimonadia;o__Saccharimonadales;f__UBA4665;g__;s__	823691
binchicken_bog_co228.439	d__Bacteria;p__Actinomycetota;c__Actinomycetes;o__Streptosporangiales;f__Streptosporangiaceae;g__;s__	5807312
binchicken_bog_co236.209	d__Bacteria;p__FCPU426;c__Palsa-1180;o__Palsa-1180;f__Palsa-1180;g__;s__	3523782
binchicken_bog_co236.24	d__Bacteria;p__FCPU426;c__Palsa-1180;o__Palsa-1180;f__Palsa-1180;g__;s__	3405990
binchicken_bog_co238.353	d__Bacteria;p__JAJYCY01;c__JAJYCY01;o__JAJYGY01;f__JAJYGY01;g__;s__	2656146
binchicken_bog_co240.219	d__Bacteria;p__Actinomycetota;c__Actinomycetes;o__Streptosporangiales;f__Streptosporangiaceae;g__;s__	5948360
binchicken_bog_co240.370	d__Bacteria;p__Patescibacteria;c__Saccharimonadia;o__Saccharimonadales;f__UBA4665;g__;s__	783411
binchicken_bog_co242.658	d__Bacteria;p__Patescibacteria;c__Paceibacteria;o__UBA9973;f__PALSA-1337;g__;s__	789588
binchicken_bog_co245.220	d__Bacteria;p__Patescibacteria;c__Saccharimonadia;o__Saccharimonadales;f__UBA4665;g__;s__	851403
binchicken_bog_co245.568	d__Bacteria;p__Actinomycetota;c__Actinomycetes;o__Streptosporangiales;f__Streptosporangiaceae;g__;s__	5472157
binchicken_bog_co253.340	d__Bacteria;p__Patescibacteria;c__Saccharimonadia;o__Saccharimonadales;f__UBA4665;g__;s__	712993
binchicken_bog_co260.281	d__Bacteria;p__Acidobacteriota;c__Terriglobia;o__Terriglobales;f__Koribacteraceae;g__;s__	3237935
binchicken_bog_co262.182	d__Bacteria;p__Patescibacteria;c__Saccharimonadia;o__Saccharimonadales;f__UBA4665;g__;s__	958708
binchicken_bog_co266.335	d__Bacteria;p__Acidobacteriota;c__Terriglobia;o__Terriglobales;f__Koribacteraceae;g__;s__	3572532
binchicken_bog_co266.7	d__Bacteria;p__JAJYCY01;c__JAJYCY01;o__JAJYGY01;f__JAJYGY01;g__;s__	2561250
binchicken_bog_co269.90	d__Bacteria;p__Patescibacteria;c__Saccharimonadia;o__Saccharimonadales;f__UBA4665;g__;s__	994579
binchicken_bog_co274.98	d__Bacteria;p__FCPU426;c__Palsa-1180;o__Palsa-1180;f__Palsa-1180;g__;s__	3966128
binchicken_bog_co276.49	d__Bacteria;p__Patescibacteria;c__Saccharimonadia;o__Saccharimonadales;f__UBA4665;g__;s__	831146
binchicken_bog_co277.27	d__Bacteria;p__Actinomycetota;c__Actinomycetes;o__Streptosporangiales;f__Streptosporangiaceae;g__;s__	5976626
binchicken_bog_co277.335	d__Bacteria;p__Acidobacteriota;c__Terriglobia;o__Terriglobales;f__Koribacteraceae;g__;s__	4439584
binchicken_bog_co278.532	d__Bacteria;p__Patescibacteria;c__Saccharimonadia;o__Saccharimonadales;f__UBA4665;g__;s__	828965
binchicken_bog_co279.61	d__Bacteria;p__JAJYCY01;c__JAJYCY01;o__JAJYGY01;f__JAJYGY01;g__;s__	2295271
binchicken_bog_co281.194	d__Bacteria;p__JAJYCY01;c__JAJYCY01;o__JAJYGY01;f__JAJYGY01;g__;s__	2664400
binchicken_bog_co282.15	d__Bacteria;p__Actinomycetota;c__Actinomycetes;o__Streptosporangiales;f__Streptosporangiaceae;g__;s__	5981514
binchicken_bog_co283.162	d__Bacteria;p__Actinomycetota;c__Actinomycetes;o__Streptosporangiales;f__Streptosporangiaceae;g__;s__	6021732
binchicken_bog_co285.309	d__Bacteria;p__Patescibacteria;c__Saccharimonadia;o__Saccharimonadales;f__UBA4665;g__;s__	776785
binchicken_bog_co288.128	d__Bacteria;p__Actinomycetota;c__Actinomycetes;o__Streptosporangiales;f__Streptosporangiaceae;g__;s__	5646719
binchicken_bog_co296.559	d__Bacteria;p__Eremiobacterota;c__Eremiobacteria;o__Baltobacterales;f__Baltobacteraceae;g__;s__	3152910
binchicken_bog_co297.207	d__Bacteria;p__Patescibacteria;c__Saccharimonadia;o__Saccharimonadales;f__UBA4665;g__;s__	917805
binchicken_bog_co298.264	d__Bacteria;p__Patescibacteria;c__Saccharimonadia;o__Saccharimonadales;f__UBA4665;g__;s__	930392
binchicken_bog_co298.426	d__Bacteria;p__Patescibacteria;c__Saccharimonadia;o__Saccharimonadales;f__UBA4665;g__;s__	741497
binchicken_bog_co298.71	d__Bacteria;p__Patescibacteria;c__Doudnabacteria;o__UBA920;f__;g__;s__	821994
binchicken_bog_co299.236	d__Bacteria;p__Patescibacteria;c__Saccharimonadia;o__Saccharimonadales;f__UBA4665;g__;s__	856210
binchicken_bog_co300.547	d__Bacteria;p__Actinomycetota;c__Actinomycetes;o__Streptosporangiales;f__Streptosporangiaceae;g__;s__	5446755
binchicken_bog_co300.578	d__Bacteria;p__Patescibacteria;c__Saccharimonadia;o__Saccharimonadales;f__UBA4665;g__;s__	722902
binchicken_bog_co303.441	d__Bacteria;p__Actinomycetota;c__Actinomycetes;o__Streptosporangiales;f__Streptosporangiaceae;g__;s__	5358897
binchicken_bog_co304.25	d__Bacteria;p__Patescibacteria;c__Saccharimonadia;o__Saccharimonadales;f__UBA4665;g__;s__	937329
binchicken_bog_co304.626	d__Bacteria;p__Patescibacteria;c__Saccharimonadia;o__Saccharimonadales;f__UBA4665;g__;s__	808873
binchicken_emerge_co101.563	d__Bacteria;p__Pseudomonadota;c__Gammaproteobacteria;o__JAGOUU01;f__;g__;s__	2375989
binchicken_emerge_co101.75	d__Bacteria;p__Pseudomonadota;c__Gammaproteobacteria;o__JABCZS01;f__;g__;s__	2646396
binchicken_emerge_co109.380	d__Bacteria;p__Fibrobacterota;c__Fibrobacteria;o__UBA5070;f__UBA5070;g__;s__	4248217
binchicken_emerge_co110.490	d__Bacteria;p__Chloroflexota;c__Dehalococcoidia;o__Dehalococcoidales;f__UBA2162;g__;s__	1888905
binchicken_emerge_co112.316	d__Bacteria;p__Pseudomonadota;c__Gammaproteobacteria;o__JABCZS01;f__;g__;s__	2234477
binchicken_emerge_co112.535	d__Bacteria;p__Pseudomonadota;c__Gammaproteobacteria;o__UBA6186;f__UBA6186;g__;s__	1969380
binchicken_emerge_co112.86	d__Bacteria;p__Pseudomonadota;c__Gammaproteobacteria;o__JABCZS01;f__;g__;s__	2638212
binchicken_emerge_co113.136	d__Bacteria;p__Chloroflexota;c__Dehalococcoidia;o__Dehalococcoidales;f__UBA2162;g__;s__	1863436
binchicken_emerge_co114.46	d__Bacteria;p__Bacteroidota;c__Ignavibacteria;o__SJA-28;f__OLB5;g__;s__	3250767
binchicken_emerge_co116.339	d__Bacteria;p__Pseudomonadota;c__Gammaproteobacteria;o__;f__;g__;s__	1686004
binchicken_emerge_co118.493	d__Bacteria;p__Eremiobacterota;c__Eremiobacteria;o__Baltobacterales;f__Baltobacteraceae;g__;s__	3570618
binchicken_emerge_co120.297	d__Bacteria;p__Pseudomonadota;c__Gammaproteobacteria;o__Competibacterales;f__Competibacteraceae;g__;s__	3385062
binchicken_emerge_co125.787	d__Bacteria;p__Planctomycetota;c__Phycisphaerae;o__Sedimentisphaerales;f__;g__;s__	2547977
binchicken_emerge_co127.102	d__Bacteria;p__Patescibacteria;c__Paceibacteria;o__Paceibacterales;f__UBA5633;g__;s__	954200
binchicken_emerge_co127.452	d__Bacteria;p__Desulfobacterota_B;c__Binatia;o__HRBIN30;f__JAGDMS01;g__;s__	5039112
binchicken_emerge_co127.564	d__Bacteria;p__Acidobacteriota;c__Terriglobia;o__Terriglobales;f__JAIQGF01;g__;s__	3878666
binchicken_emerge_co127.566	d__Bacteria;p__Omnitrophota;c__Koll11;o__Gygaellales;f__Profunditerraquicolaceae;g__;s__	1740918
binchicken_emerge_co127.798	d__Bacteria;p__Acidobacteriota;c__Terriglobia;o__Terriglobales;f__JAIQGF01;g__;s__	3863652
binchicken_emerge_co127.806	d__Bacteria;p__Patescibacteria;c__Paceibacteria;o__Paceibacterales;f__UBA5633;g__;s__	930650
binchicken_emerge_co128.14	d__Bacteria;p__Patescibacteria;c__Paceibacteria;o__UBA6257;f__;g__;s__	585022
binchicken_emerge_co128.259	d__Bacteria;p__Acidobacteriota;c__Terriglobia;o__Terriglobales;f__JAIQGF01;g__;s__	4004902
binchicken_emerge_co128.687	d__Bacteria;p__Acidobacteriota;c__Terriglobia;o__Terriglobales;f__JAIQGF01;g__;s__	3591057
binchicken_emerge_co131.355	d__Bacteria;p__Pseudomonadota;c__Gammaproteobacteria;o__JABCZS01;f__;g__;s__	2297482
binchicken_emerge_co131.514	d__Bacteria;p__Pseudomonadota;c__Gammaproteobacteria;o__JABCZS01;f__;g__;s__	2632851
binchicken_emerge_co131.515	d__Bacteria;p__Pseudomonadota;c__Gammaproteobacteria;o__UBA6186;f__UBA6186;g__;s__	1914773
binchicken_emerge_co131.542	d__Bacteria;p__Pseudomonadota;c__Gammaproteobacteria;o__;f__;g__;s__	2005319
binchicken_emerge_co133.40	d__Bacteria;p__Pseudomonadota;c__Gammaproteobacteria;o__JABCZS01;f__;g__;s__	2869551
binchicken_emerge_co134.506	d__Bacteria;p__Acidobacteriota;c__Vicinamibacteria;o__Vicinamibacterales;f__2-12-FULL-66-21;g__;s__	5684375
binchicken_emerge_co134.76	d__Bacteria;p__Pseudomonadota;c__Gammaproteobacteria;o__Burkholderiales;f__Usitatibacteraceae;g__;s__	3953995
binchicken_emerge_co136.111	d__Bacteria;p__Myxococcota;c__Polyangia;o__Polyangiales;f__Polyangiaceae;g__;s__	5822583
binchicken_emerge_co136.148	d__Bacteria;p__Patescibacteria;c__Saccharimonadia;o__Saccharimonadales;f__UBA4665;g__;s__	773535
binchicken_emerge_co136.472	d__Bacteria;p__Margulisbacteria;c__Termititenacia;o__Termititenacales;f__;g__;s__	2075217
binchicken_emerge_co136.63	d__Bacteria;p__Elusimicrobiota;c__Endomicrobiia;o__Endomicrobiales;f__JAFGGC01;g__;s__	3261428
binchicken_emerge_co136.816	d__Bacteria;p__Elusimicrobiota;c__Endomicrobiia;o__Endomicrobiales;f__JAFGGC01;g__;s__	2434972
binchicken_emerge_co139.254	d__Bacteria;p__Chloroflexota;c__Anaerolineae;o__Anaerolineales;f__Villigracilaceae;g__;s__	4346098
binchicken_emerge_co141.210	d__Bacteria;p__JAJYCY01;c__JAJYCY01;o__JAJYGY01;f__JAJYGY01;g__;s__	2485313
binchicken_emerge_co141.22	d__Bacteria;p__Patescibacteria;c__Doudnabacteria;o__UBA920;f__;g__;s__	886712
binchicken_emerge_co145.311	d__Bacteria;p__Fibrobacterota;c__Fibrobacteria;o__UBA5070;f__UBA5070;g__;s__	4247474
binchicken_emerge_co146.16	d__Bacteria;p__Patescibacteria;c__ABY1;o__SG8-24;f__DYFX01;g__;s__	1358481
binchicken_emerge_co146.350	d__Bacteria;p__Patescibacteria;c__Saccharimonadia;o__Saccharimonadales;f__UBA10212;g__;s__	745319
binchicken_emerge_co146.477	d__Bacteria;p__Patescibacteria;c__Saccharimonadia;o__Saccharimonadales;f__UBA10212;g__;s__	800962
binchicken_emerge_co146.496	d__Bacteria;p__Bacteroidota;c__Bacteroidia;o__Bacteroidales;f__DTGW01;g__;s__	4538083
binchicken_emerge_co146.56	d__Bacteria;p__Bacteroidota;c__Bacteroidia;o__Bacteroidales;f__DTGW01;g__;s__	4032220
binchicken_emerge_co149.397	d__Bacteria;p__Acidobacteriota;c__Terriglobia;o__Terriglobales;f__JAIQGF01;g__;s__	4298445
binchicken_emerge_co149.669	d__Bacteria;p__Acidobacteriota;c__Terriglobia;o__Terriglobales;f__JAIQGF01;g__;s__	3790780
binchicken_emerge_co150.474	d__Bacteria;p__Acidobacteriota;c__Terriglobia;o__Acidoferrales;f__UBA7541;g__;s__	4491008
binchicken_emerge_co159.257	d__Bacteria;p__Pseudomonadota;c__Gammaproteobacteria;o__JAGOUU01;f__;g__;s__	2016221
binchicken_emerge_co161.26	d__Bacteria;p__Patescibacteria;c__Saccharimonadia;o__Saccharimonadales;f__CAIOMD01;g__;s__	929249
binchicken_emerge_co163.217	d__Bacteria;p__Desulfobacterota;c__Syntrophia;o__Syntrophales;f__UBA2185;g__;s__	2756042
binchicken_emerge_co164.516	d__Bacteria;p__Acidobacteriota;c__Vicinamibacteria;o__Vicinamibacterales;f__Fen-181;g__;s__	5320970
binchicken_emerge_co166.765	d__Bacteria;p__Bacteroidota;c__Bacteroidia;o__CAILMK01;f__CAILMK01;g__;s__	3876660
binchicken_emerge_co166.807	d__Bacteria;p__Pseudomonadota;c__Alphaproteobacteria;o__UBA9219;f__UBA9219;g__;s__	2261820
binchicken_emerge_co167.221	d__Bacteria;p__Pseudomonadota;c__Gammaproteobacteria;o__JABCZS01;f__;g__;s__	2704965
binchicken_emerge_co167.351	d__Bacteria;p__Pseudomonadota;c__Gammaproteobacteria;o__;f__;g__;s__	1942090
binchicken_emerge_co167.443	d__Bacteria;p__Pseudomonadota;c__Gammaproteobacteria;o__UBA6186;f__UBA6186;g__;s__	1842888
binchicken_emerge_co169.426	d__Bacteria;p__Desulfobacterota;c__Desulfuromonadia;o__Geobacterales;f__Geobacteraceae;g__;s__	3299193
binchicken_emerge_co171.832	d__Bacteria;p__Planctomycetota;c__Phycisphaerae;o__Sedimentisphaerales;f__;g__;s__	2738662
binchicken_emerge_co172.107	d__Bacteria;p__Fibrobacterota;c__Fibrobacteria;o__UBA5070;f__UBA5070;g__;s__	3407707
binchicken_emerge_co177.178	d__Bacteria;p__Bacteroidota;c__Ignavibacteria;o__SJA-28;f__B-1AR;g__;s__	2916372
binchicken_emerge_co178.115	d__Bacteria;p__Acidobacteriota;c__Terriglobia;o__Acidoferrales;f__UBA7541;g__;s__	3167843
binchicken_emerge_co178.198	d__Bacteria;p__Pseudomonadota;c__Alphaproteobacteria;o__ATCC43930;f__Stellaceae;g__;s__	2805974
binchicken_emerge_co180.565	d__Bacteria;p__Eremiobacterota;c__Eremiobacteria;o__Baltobacterales;f__Baltobacteraceae;g__;s__	3656030
binchicken_emerge_co183.751	d__Bacteria;p__Actinomycetota;c__Geothermincolia;o__Fen-727;f__Anoxymicrobiaceae;g__;s__	3022183
binchicken_emerge_co183.759	d__Bacteria;p__Fibrobacterota;c__Chitinivibrionia;o__Chitinivibrionales;f__FEN-1185;g__;s__	4375778
binchicken_emerge_co184.545	d__Bacteria;p__Acidobacteriota;c__Terriglobia;o__Acidoferrales;f__UBA7541;g__;s__	3067379
binchicken_emerge_co185.327	d__Bacteria;p__FCPU426;c__Palsa-1180;o__Palsa-1180;f__Palsa-1180;g__;s__	3477977
binchicken_emerge_co185.490	d__Bacteria;p__Patescibacteria;c__Saccharimonadia;o__Saccharimonadales;f__UBA4665;g__;s__	791213
binchicken_emerge_co187.296	d__Bacteria;p__Eremiobacterota;c__Eremiobacteria;o__Baltobacterales;f__Baltobacteraceae;g__;s__	3326031
binchicken_emerge_co187.364	d__Bacteria;p__Actinomycetota;c__Acidimicrobiia;o__Acidimicrobiales;f__RAAP-2;g__;s__	2822125
binchicken_emerge_co188.138	d__Bacteria;p__Fibrobacterota;c__Fibrobacteria;o__UBA5070;f__UBA5070;g__;s__	4319797
binchicken_emerge_co19.495	d__Bacteria;p__Pseudomonadota;c__Gammaproteobacteria;o__JABCZS01;f__;g__;s__	2449997
binchicken_emerge_co197.153	d__Bacteria;p__Acidobacteriota;c__Terriglobia;o__Terriglobales;f__Acidobacteriaceae;g__;s__	4442651
binchicken_emerge_co197.192	d__Bacteria;p__Acidobacteriota;c__Terriglobia;o__Acidoferrales;f__UBA7541;g__;s__	4450957
binchicken_emerge_co198.406	d__Bacteria;p__Fibrobacterota;c__Fibrobacteria;o__UBA5070;f__UBA5070;g__;s__	4400386
binchicken_emerge_co202.180	d__Bacteria;p__Myxococcota;c__Polyangia;o__Polyangiales;f__Polyangiaceae;g__;s__	9231742
binchicken_emerge_co205.275	d__Bacteria;p__Patescibacteria;c__Gracilibacteria;o__UM-FILTER-43-11;f__UM-FILTER-43-11;g__;s__	1564499
binchicken_emerge_co205.791	d__Bacteria;p__Bacteroidota;c__UBA10030;o__UBA10030;f__UBA10030;g__;s__	2656008
binchicken_emerge_co207.168	d__Bacteria;p__Eremiobacterota;c__Eremiobacteria;o__Baltobacterales;f__Baltobacteraceae;g__;s__	4165744
binchicken_emerge_co208.466	d__Bacteria;p__Elusimicrobiota;c__Endomicrobiia;o__Endomicrobiales;f__;g__;s__	2441271
binchicken_emerge_co208.570	d__Bacteria;p__Fibrobacterota;c__Chitinivibrionia;o__Chitinivibrionales;f__FEN-1185;g__;s__	4855845
binchicken_emerge_co208.616	d__Bacteria;p__Bacteroidota;c__Bacteroidia;o__Bacteroidales;f__DTGW01;g__;s__	4333531
binchicken_emerge_co211.410	d__Bacteria;p__Acidobacteriota;c__Terriglobia;o__Terriglobales;f__Acidobacteriaceae;g__;s__	5924124
binchicken_emerge_co212.757	d__Bacteria;p__Acidobacteriota;c__Terriglobia;o__Acidoferrales;f__UBA7541;g__;s__	4739835
binchicken_emerge_co213.535	d__Bacteria;p__Fibrobacterota;c__Chitinivibrionia;o__Chitinivibrionales;f__FEN-1185;g__;s__	3964289
binchicken_emerge_co215.565	d__Bacteria;p__JAJYCY01;c__JAJYCY01;o__JAJYGY01;f__JAJYGY01;g__;s__	2406495
binchicken_emerge_co216.478	d__Bacteria;p__Pseudomonadota;c__Gammaproteobacteria;o__JABCZS01;f__;g__;s__	2720300
binchicken_emerge_co216.570	d__Bacteria;p__Eremiobacterota;c__Eremiobacteria;o__Baltobacterales;f__Baltobacteraceae;g__;s__	3394967
binchicken_emerge_co217.174	d__Bacteria;p__FCPU426;c__Palsa-1180;o__Palsa-1180;f__Palsa-1180;g__;s__	3384715
binchicken_emerge_co217.733	d__Bacteria;p__JAJYCY01;c__JAJYCY01;o__JAJYGY01;f__JAJYGY01;g__;s__	2521485
binchicken_emerge_co220.470	d__Bacteria;p__Fibrobacterota;c__Chitinivibrionia;o__Chitinivibrionales;f__FEN-1185;g__;s__	4741040
binchicken_emerge_co221.671	d__Bacteria;p__Patescibacteria;c__Paceibacteria;o__UBA9973;f__PALSA-1337;g__;s__	808491
binchicken_emerge_co222.705	d__Bacteria;p__Fibrobacterota;c__Chitinivibrionia;o__Chitinivibrionales;f__FEN-1185;g__;s__	4802340
binchicken_emerge_co222.718	d__Bacteria;p__Fibrobacterota;c__Chitinivibrionia;o__Chitinivibrionales;f__FEN-1185;g__;s__	5208108
binchicken_emerge_co222.735	d__Bacteria;p__Patescibacteria;c__Microgenomatia;o__GWA2-44-7;f__UBA8517;g__;s__	815055
binchicken_emerge_co223.215	d__Bacteria;p__Eremiobacterota;c__Eremiobacteria;o__Baltobacterales;f__Baltobacteraceae;g__;s__	3254711
binchicken_emerge_co223.766	d__Bacteria;p__Bacteroidota;c__Bacteroidia;o__2-12-FULL-35-15;f__2-12-FULL-35-15;g__;s__	3106725
binchicken_emerge_co223.778	d__Bacteria;p__Pseudomonadota;c__Alphaproteobacteria;o__UBA9219;f__UBA9219;g__;s__	2401260
binchicken_emerge_co224.237	d__Bacteria;p__Eremiobacterota;c__Eremiobacteria;o__Baltobacterales;f__Baltobacteraceae;g__;s__	3591591
binchicken_emerge_co224.238	d__Bacteria;p__Eremiobacterota;c__Eremiobacteria;o__Baltobacterales;f__Baltobacteraceae;g__;s__	3471439
binchicken_emerge_co225.256	d__Bacteria;p__Omnitrophota;c__Koll11;o__Zapsychrales;f__Fredricksoniimonadaceae;g__;s__	2092949
binchicken_emerge_co225.616	d__Bacteria;p__Elusimicrobiota;c__Endomicrobiia;o__Endomicrobiales;f__;g__;s__	2359772
binchicken_emerge_co225.655	d__Bacteria;p__Fibrobacterota;c__Chitinivibrionia;o__Chitinivibrionales;f__FEN-1185;g__;s__	5044365
binchicken_emerge_co226.757	d__Bacteria;p__Fibrobacterota;c__Chitinivibrionia;o__Chitinivibrionales;f__FEN-1185;g__;s__	4357612
binchicken_emerge_co227.340	d__Bacteria;p__Fibrobacterota;c__Fibrobacteria;o__UBA5070;f__UBA5070;g__;s__	4334805
binchicken_emerge_co228.434	d__Bacteria;p__Eremiobacterota;c__Eremiobacteria;o__Baltobacterales;f__Baltobacteraceae;g__;s__	3653299
binchicken_emerge_co231.388	d__Bacteria;p__Acidobacteriota;c__Terriglobia;o__Acidoferrales;f__UBA7541;g__;s__	2969975
binchicken_emerge_co231.65	d__Bacteria;p__Eremiobacterota;c__Eremiobacteria;o__Baltobacterales;f__Baltobacteraceae;g__;s__	3637336
binchicken_emerge_co236.49	d__Bacteria;p__Patescibacteria;c__Saccharimonadia;o__Saccharimonadales;f__UBA4665;g__;s__	979954
binchicken_emerge_co238.630	d__Bacteria;p__Fibrobacterota;c__Chitinivibrionia;o__Chitinivibrionales;f__FEN-1185;g__;s__	4867310
binchicken_emerge_co239.153	d__Bacteria;p__FCPU426;c__Palsa-1180;o__Palsa-1180;f__Palsa-1180;g__;s__	3290077
binchicken_emerge_co24.45	d__Bacteria;p__Actinomycetota;c__Actinomycetes;o__JAHEKZ01;f__JAHEKZ01;g__;s__	3129184
binchicken_emerge_co243.218	d__Bacteria;p__Fibrobacterota;c__Chitinivibrionia;o__Chitinivibrionales;f__FEN-1185;g__;s__	5179342
binchicken_emerge_co243.419	d__Bacteria;p__Bacteroidota;c__UBA10030;o__UBA10030;f__UBA10030;g__;s__	2652706
binchicken_emerge_co243.573	d__Bacteria;p__Patescibacteria;c__ABY1;o__SG8-24;f__DYFX01;g__;s__	1310774
binchicken_emerge_co243.603	d__Bacteria;p__Patescibacteria;c__Saccharimonadia;o__Saccharimonadales;f__UBA10212;g__;s__	845946
binchicken_emerge_co243.604	d__Bacteria;p__Patescibacteria;c__Saccharimonadia;o__Saccharimonadales;f__UBA10212;g__;s__	735643
binchicken_emerge_co245.154	d__Bacteria;p__Patescibacteria;c__Microgenomatia;o__Levybacterales;f__UBA12049;g__;s__	779189
binchicken_emerge_co245.479	d__Bacteria;p__Patescibacteria;c__Microgenomatia;o__GWA2-44-7;f__UBA8517;g__;s__	851211
binchicken_emerge_co249.183	d__Bacteria;p__Pseudomonadota;c__Alphaproteobacteria;o__ATCC43930;f__Stellaceae;g__;s__	2564050
binchicken_emerge_co249.214	d__Bacteria;p__Acidobacteriota;c__Terriglobia;o__Acidoferrales;f__UBA7541;g__;s__	3138695
binchicken_emerge_co249.217	d__Bacteria;p__Pseudomonadota;c__Alphaproteobacteria;o__ATCC43930;f__Stellaceae;g__;s__	2972493
binchicken_emerge_co249.535	d__Bacteria;p__Verrucomicrobiota;c__Verrucomicrobiae;o__Limisphaerales;f__UBA11358;g__;s__	3568005
binchicken_emerge_co252.782	d__Bacteria;p__Patescibacteria;c__Saccharimonadia;o__Saccharimonadales;f__UBA4665;g__;s__	899296
binchicken_emerge_co253.318	d__Bacteria;p__Myxococcota;c__Polyangia;o__Polyangiales;f__Polyangiaceae;g__;s__	4783181
binchicken_emerge_co255.491	d__Bacteria;p__Fibrobacterota;c__Chitinivibrionia;o__Chitinivibrionales;f__FEN-1185;g__;s__	5333526
binchicken_emerge_co257.316	d__Bacteria;p__Pseudomonadota;c__Alphaproteobacteria;o__ATCC43930;f__Stellaceae;g__;s__	2633094
binchicken_emerge_co257.455	d__Bacteria;p__Planctomycetota;c__Planctomycetia;o__Pirellulales;f__PALSA-1355;g__;s__	6705377
binchicken_emerge_co257.513	d__Bacteria;p__Actinomycetota;c__Actinomycetes;o__Mycobacteriales;f__CAJCIY01;g__;s__	2922764
binchicken_emerge_co260.525	d__Bacteria;p__Eremiobacterota;c__Eremiobacteria;o__Baltobacterales;f__Baltobacteraceae;g__;s__	3590801
binchicken_emerge_co261.368	d__Bacteria;p__Actinomycetota;c__Actinomycetes;o__Streptosporangiales;f__Streptosporangiaceae;g__;s__	5702503
binchicken_emerge_co262.182	d__Bacteria;p__Patescibacteria;c__Saccharimonadia;o__Saccharimonadales;f__UBA4665;g__;s__	972770
binchicken_emerge_co264.740	d__Bacteria;p__Fibrobacterota;c__Chitinivibrionia;o__Chitinivibrionales;f__FEN-1185;g__;s__	4652117
binchicken_emerge_co264.81	d__Bacteria;p__Patescibacteria;c__Doudnabacteria;o__UBA920;f__UBA920;g__;s__	1217453
binchicken_emerge_co265.133	d__Bacteria;p__Acidobacteriota;c__Terriglobia;o__Acidoferrales;f__UBA7541;g__;s__	3160897
binchicken_emerge_co265.145	d__Bacteria;p__Acidobacteriota;c__Terriglobia;o__Acidoferrales;f__UBA7541;g__;s__	4287391
binchicken_emerge_co267.317	d__Bacteria;p__Verrucomicrobiota;c__Verrucomicrobiae;o__Chthoniobacterales;f__UBA10450;g__;s__	3322738
binchicken_emerge_co267.53	d__Bacteria;p__Pseudomonadota;c__Gammaproteobacteria;o__Steroidobacterales;f__Steroidobacteraceae;g__;s__	3909624
binchicken_emerge_co270.381	d__Bacteria;p__Eremiobacterota;c__Eremiobacteria;o__Baltobacterales;f__Baltobacteraceae;g__;s__	3332349
binchicken_emerge_co274.463	d__Bacteria;p__Fibrobacterota;c__Chitinivibrionia;o__Chitinivibrionales;f__FEN-1185;g__;s__	5154516
binchicken_emerge_co274.510	d__Bacteria;p__Elusimicrobiota;c__Endomicrobiia;o__Endomicrobiales;f__;g__;s__	2389440
binchicken_emerge_co274.701	d__Bacteria;p__Actinomycetota;c__Geothermincolia;o__Fen-727;f__;g__;s__	2986394
binchicken_emerge_co274.706	d__Bacteria;p__Omnitrophota;c__Koll11;o__Zapsychrales;f__Fredricksoniimonadaceae;g__;s__	2073999
binchicken_emerge_co275.796	d__Bacteria;p__Acidobacteriota;c__Terriglobia;o__Bryobacterales;f__Bryobacteraceae;g__;s__	4446339
binchicken_emerge_co275.925	d__Bacteria;p__Fibrobacterota;c__Chitinivibrionia;o__Chitinivibrionales;f__FEN-1185;g__;s__	5094229
binchicken_emerge_co275.936	d__Bacteria;p__Patescibacteria;c__ABY1;o__SG8-24;f__DYFX01;g__;s__	1279805
binchicken_emerge_co276.235	d__Bacteria;p__Pseudomonadota;c__Alphaproteobacteria;o__ATCC43930;f__Stellaceae;g__;s__	2586556
binchicken_emerge_co276.316	d__Bacteria;p__Eremiobacterota;c__Eremiobacteria;o__Baltobacterales;f__Baltobacteraceae;g__;s__	3790730
binchicken_emerge_co276.431	d__Bacteria;p__Acidobacteriota;c__Terriglobia;o__Acidoferrales;f__UBA7541;g__;s__	3146488
binchicken_emerge_co276.563	d__Bacteria;p__Planctomycetota;c__Phycisphaerae;o__Tepidisphaerales;f__Tepidisphaeraceae;g__;s__	4487126
binchicken_emerge_co278.327	d__Bacteria;p__Patescibacteria;c__Saccharimonadia;o__Saccharimonadales;f__UBA4665;g__;s__	1134388
binchicken_emerge_co278.444	d__Bacteria;p__Pseudomonadota;c__Gammaproteobacteria;o__JABCZS01;f__;g__;s__	2436732
binchicken_emerge_co278.6	d__Bacteria;p__Pseudomonadota;c__Gammaproteobacteria;o__JABCZS01;f__;g__;s__	2532056
binchicken_emerge_co279.225	d__Bacteria;p__Acidobacteriota;c__Terriglobia;o__Acidoferrales;f__UBA7541;g__;s__	4090608
binchicken_emerge_co279.31	d__Bacteria;p__Acidobacteriota;c__Terriglobia;o__Acidoferrales;f__UBA7541;g__;s__	3083594
binchicken_emerge_co289.28	d__Bacteria;p__Fibrobacterota;c__Chitinivibrionia;o__Chitinivibrionales;f__FEN-1185;g__;s__	4744563
binchicken_emerge_co289.84	d__Bacteria;p__Fibrobacterota;c__Chitinivibrionia;o__Chitinivibrionales;f__FEN-1185;g__;s__	4214985
binchicken_emerge_co29.313	d__Bacteria;p__Bacteroidota;c__UBA10030;o__UBA10030;f__UBA10030;g__;s__	3076853
binchicken_emerge_co290.236	d__Bacteria;p__Eremiobacterota;c__Eremiobacteria;o__Baltobacterales;f__Baltobacteraceae;g__;s__	3729514
binchicken_emerge_co291.712	d__Bacteria;p__Fibrobacterota;c__Chitinivibrionia;o__Chitinivibrionales;f__FEN-1185;g__;s__	5324217
binchicken_emerge_co292.536	d__Bacteria;p__JAJYCY01;c__JAJYCY01;o__JAJYGY01;f__JAJYGY01;g__;s__	2364950
binchicken_emerge_co294.418	d__Bacteria;p__Acidobacteriota;c__Terriglobia;o__Terriglobales;f__Acidobacteriaceae;g__;s__	5784367
binchicken_emerge_co295.131	d__Bacteria;p__Pseudomonadota;c__Gammaproteobacteria;o__UBA6186;f__UBA6186;g__;s__	2458674
binchicken_emerge_co295.93	d__Bacteria;p__Pseudomonadota;c__Gammaproteobacteria;o__JABCZS01;f__;g__;s__	2502035
binchicken_emerge_co298.808	d__Bacteria;p__Fibrobacterota;c__Chitinivibrionia;o__Chitinivibrionales;f__FEN-1185;g__;s__	5084919
binchicken_emerge_co30.97	d__Bacteria;p__Goldbacteria;c__PGYV01;o__PGYV01;f__PGYV01;g__;s__	3024628
binchicken_emerge_co300.533	d__Bacteria;p__Pseudomonadota;c__Gammaproteobacteria;o__UBA6186;f__UBA6186;g__;s__	2471050
binchicken_emerge_co300.62	d__Bacteria;p__Pseudomonadota;c__Gammaproteobacteria;o__JAGOUU01;f__;g__;s__	1716275
binchicken_emerge_co303.590	d__Bacteria;p__Fibrobacterota;c__Chitinivibrionia;o__Chitinivibrionales;f__FEN-1185;g__;s__	5348381
binchicken_emerge_co307.610	d__Bacteria;p__Acidobacteriota;c__Terriglobia;o__Bryobacterales;f__Bryobacteraceae;g__;s__	4863407
binchicken_emerge_co307.651	d__Bacteria;p__Patescibacteria;c__Doudnabacteria;o__UBA920;f__VMFF01;g__;s__	829314
binchicken_emerge_co308.491	d__Bacteria;p__Pseudomonadota;c__Alphaproteobacteria;o__ATCC43930;f__Stellaceae;g__;s__	3040852
binchicken_emerge_co309.199	d__Bacteria;p__JAJYCY01;c__JAJYCY01;o__JAJYGY01;f__JAJYGY01;g__;s__	2632686
binchicken_emerge_co309.442	d__Bacteria;p__Patescibacteria;c__Saccharimonadia;o__Saccharimonadales;f__UBA4665;g__;s__	984170
binchicken_emerge_co31.282	d__Bacteria;p__Chloroflexota;c__Dehalococcoidia;o__Dehalococcoidales;f__UBA2162;g__;s__	1858687
binchicken_emerge_co31.292	d__Bacteria;p__SM23-31;c__SM23-31;o__JAUVVT01;f__JAUVVT01;g__;s__	3809394
binchicken_emerge_co310.100	d__Bacteria;p__Eremiobacterota;c__Eremiobacteria;o__Baltobacterales;f__Baltobacteraceae;g__;s__	3224462
binchicken_emerge_co312.145	d__Bacteria;p__Acidobacteriota;c__Terriglobia;o__Acidoferrales;f__UBA7541;g__;s__	5314670
binchicken_emerge_co312.471	d__Bacteria;p__Acidobacteriota;c__Terriglobia;o__Acidoferrales;f__UBA7541;g__;s__	4523648
binchicken_emerge_co313.417	d__Bacteria;p__Patescibacteria;c__Saccharimonadia;o__Saccharimonadales;f__UBA4665;g__;s__	997266
binchicken_emerge_co313.69	d__Bacteria;p__Acidobacteriota;c__Terriglobia;o__Terriglobales;f__Koribacteraceae;g__;s__	4009082
binchicken_emerge_co315.135	d__Bacteria;p__Patescibacteria;c__Saccharimonadia;o__Saccharimonadales;f__UBA10212;g__;s__	775686
binchicken_emerge_co315.807	d__Bacteria;p__Patescibacteria;c__ABY1;o__SG8-24;f__CAIQCM01;g__;s__	1011683
binchicken_emerge_co316.180	d__Bacteria;p__Bacteroidota;c__Bacteroidia;o__Bacteroidales;f__WCHB1-69;g__;s__	3744743
binchicken_emerge_co316.792	d__Bacteria;p__Fibrobacterota;c__Chitinivibrionia;o__Chitinivibrionales;f__FEN-1185;g__;s__	5173210
binchicken_emerge_co317.250	d__Bacteria;p__Actinomycetota;c__Acidimicrobiia;o__Acidimicrobiales;f__RAAP-2;g__;s__	3005861
binchicken_emerge_co318.188	d__Bacteria;p__FCPU426;c__Palsa-1180;o__Palsa-1180;f__Palsa-1180;g__;s__	4219937
binchicken_emerge_co319.382	d__Bacteria;p__JAJYCY01;c__JAJYCY01;o__JAJYGY01;f__JAJYGY01;g__;s__	2646902
binchicken_emerge_co320.588	d__Bacteria;p__Acidobacteriota;c__Terriglobia;o__Terriglobales;f__Acidobacteriaceae;g__;s__	5669045
binchicken_emerge_co322.542	d__Bacteria;p__Patescibacteria;c__Saccharimonadia;o__Saccharimonadales;f__UBA4665;g__;s__	783521
binchicken_emerge_co323.168	d__Bacteria;p__Eremiobacterota;c__Eremiobacteria;o__Baltobacterales;f__Baltobacteraceae;g__;s__	3665297
binchicken_emerge_co324.766	d__Bacteria;p__Fibrobacterota;c__Chitinivibrionia;o__Chitinivibrionales;f__FEN-1185;g__;s__	4767730
binchicken_emerge_co324.767	d__Bacteria;p__Fibrobacterota;c__Chitinivibrionia;o__Chitinivibrionales;f__FEN-1185;g__;s__	5257507
binchicken_emerge_co33.372	d__Bacteria;p__Acidobacteriota;c__Terriglobia;o__JAIQFV01;f__JAIQFV01;g__;s__	4225856
binchicken_emerge_co33.460	d__Bacteria;p__Patescibacteria;c__Paceibacteria;o__Moranbacterales;f__2-12-FULL-40-10;g__;s__	970850
binchicken_emerge_co37.559	d__Bacteria;p__Bacteroidota;c__UBA10030;o__UBA10030;f__;g__;s__	4485600
binchicken_emerge_co42.698	d__Bacteria;p__Elusimicrobiota;c__Elusimicrobia;o__2-01-FULL-59-12;f__2-01-FULL-59-12;g__;s__	3213572
binchicken_emerge_co45.236	d__Bacteria;p__Omnitrophota;c__Koll11;o__Zapsychrales;f__Fredricksoniimonadaceae;g__;s__	2070733
binchicken_emerge_co45.350	d__Bacteria;p__Acidobacteriota;c__Terriglobia;o__Terriglobales;f__JAIQGF01;g__;s__	4418277
binchicken_emerge_co45.357	d__Bacteria;p__Bacteroidota;c__Ignavibacteria;o__SJA-28;f__B-1AR;g__;s__	3308596
binchicken_emerge_co45.500	d__Bacteria;p__Patescibacteria;c__Microgenomatia;o__UBA12405;f__UBA12405;g__;s__	811762
binchicken_emerge_co47.165	d__Bacteria;p__Pseudomonadota;c__Gammaproteobacteria;o__UBA6186;f__UBA6186;g__;s__	1881066
binchicken_emerge_co47.669	d__Bacteria;p__Patescibacteria;c__Saccharimonadia;o__Saccharimonadales;f__UBA4665;g__;s__	1115103
binchicken_emerge_co50.336	d__Bacteria;p__Pseudomonadota;c__Gammaproteobacteria;o__JAGOUU01;f__;g__;s__	2134225
binchicken_emerge_co51.407	d__Bacteria;p__Pseudomonadota;c__Gammaproteobacteria;o__;f__;g__;s__	1830720
binchicken_emerge_co52.349	d__Bacteria;p__Pseudomonadota;c__Gammaproteobacteria;o__;f__;g__;s__	1867941
binchicken_emerge_co61.311	d__Bacteria;p__Pseudomonadota;c__Gammaproteobacteria;o__;f__;g__;s__	1996527
binchicken_emerge_co62.717	d__Bacteria;p__Omnitrophota;c__Koll11;o__Zapsychrales;f__Fredricksoniimonadaceae;g__;s__	2327877
binchicken_emerge_co62.99	d__Bacteria;p__Armatimonadota;c__DTGP01;o__JAKQQT01;f__JAKQQT01;g__;s__	4669616
binchicken_emerge_co63.275	d__Bacteria;p__Elusimicrobiota;c__Endomicrobiia;o__Endomicrobiales;f__;g__;s__	2239692
binchicken_emerge_co63.568	d__Bacteria;p__Verrucomicrobiota;c__Verrucomicrobiae;o__Chthoniobacterales;f__Chthoniobacteraceae;g__;s__	3998317
binchicken_emerge_co63.572	d__Bacteria;p__Fibrobacterota;c__Chitinivibrionia;o__Chitinivibrionales;f__FEN-1185;g__;s__	4586833
binchicken_emerge_co64.140	d__Bacteria;p__Patescibacteria;c__ABY1;o__BM507;f__WJLG01;g__;s__	849132
binchicken_emerge_co64.455	d__Bacteria;p__Fibrobacterota;c__Chitinivibrionia;o__Chitinivibrionales;f__FEN-1185;g__;s__	4991984
binchicken_emerge_co64.694	d__Bacteria;p__Chloroflexota;c__Anaerolineae;o__Anaerolineales;f__Anaerolineaceae;g__;s__	2031590
binchicken_emerge_co64.716	d__Bacteria;p__Bacteroidota;c__UBA10030;o__UBA10030;f__UBA10030;g__;s__	2934171
binchicken_emerge_co64.752	d__Bacteria;p__JAAXVQ01;c__JAAXVQ01;o__JAAXVQ01;f__JAAXVQ01;g__;s__	4214338
binchicken_emerge_co64.80	d__Bacteria;p__Goldbacteria;c__PGYV01;o__PGYV01;f__Palsa-1178;g__;s__	3358162
binchicken_emerge_co66.241	d__Bacteria;p__Pseudomonadota;c__Gammaproteobacteria;o__Burkholderiales;f__Usitatibacteraceae;g__;s__	3986537
binchicken_emerge_co66.97	d__Bacteria;p__Acidobacteriota;c__Terriglobia;o__Terriglobales;f__JAIQGF01;g__;s__	4193391
binchicken_emerge_co68.287	d__Bacteria;p__Acidobacteriota;c__Terriglobia;o__Terriglobales;f__JAIQGF01;g__;s__	3519443
binchicken_emerge_co73.195	d__Bacteria;p__Eremiobacterota;c__Eremiobacteria;o__Baltobacterales;f__Baltobacteraceae;g__;s__	2427623
binchicken_emerge_co73.368	d__Bacteria;p__Verrucomicrobiota;c__Verrucomicrobiae;o__Chthoniobacterales;f__UBA10450;g__;s__	3483932
binchicken_emerge_co73.402	d__Bacteria;p__Actinomycetota;c__Acidimicrobiia;o__IMCC26256;f__PALSA-610;g__;s__	3817302
binchicken_emerge_co73.56	d__Bacteria;p__Pseudomonadota;c__Gammaproteobacteria;o__Steroidobacterales;f__Steroidobacteraceae;g__;s__	3600430
binchicken_emerge_co75.270	d__Bacteria;p__Pseudomonadota;c__Gammaproteobacteria;o__JABCZS01;f__;g__;s__	2048936
binchicken_emerge_co75.338	d__Bacteria;p__Pseudomonadota;c__Gammaproteobacteria;o__JABCZS01;f__;g__;s__	2731132
binchicken_emerge_co75.40	d__Bacteria;p__Pseudomonadota;c__Gammaproteobacteria;o__JAGOUU01;f__;g__;s__	2088372
binchicken_emerge_co79.124	d__Bacteria;p__Patescibacteria;c__ABY1;o__BM507;f__WJLG01;g__;s__	854121
binchicken_emerge_co79.775	d__Bacteria;p__Fibrobacterota;c__Chitinivibrionia;o__Chitinivibrionales;f__FEN-1185;g__;s__	4956482
binchicken_emerge_co79.824	d__Bacteria;p__Patescibacteria;c__Doudnabacteria;o__UBA920;f__UBA920;g__;s__	1111237
binchicken_emerge_co80.599	d__Bacteria;p__Elusimicrobiota;c__Endomicrobiia;o__Endomicrobiales;f__;g__;s__	2241373
binchicken_emerge_co82.117	d__Bacteria;p__QNDG01;c__QNDG01;o__QNDG01;f__DTFT01;g__;s__	3874517
binchicken_emerge_co82.536	d__Bacteria;p__QNDG01;c__QNDG01;o__QNDG01;f__DTFT01;g__;s__	3611188
binchicken_emerge_co82.722	d__Bacteria;p__Patescibacteria;c__Paceibacteria;o__UBA6257;f__GWB1-50-10;g__;s__	560521
binchicken_emerge_co82.759	d__Bacteria;p__Patescibacteria;c__Microgenomatia;o__PFEM01;f__JAPLYW01;g__;s__	766272
binchicken_emerge_co83.169	d__Bacteria;p__Bacteroidota;c__Bacteroidia;o__Bacteroidales;f__WCHB1-69;g__;s__	3767279
binchicken_emerge_co85.53	d__Bacteria;p__Fibrobacterota;c__Chitinivibrionia;o__Chitinivibrionales;f__FEN-1185;g__;s__	5401659
binchicken_emerge_co86.560	d__Bacteria;p__Fibrobacterota;c__Chitinivibrionia;o__Chitinivibrionales;f__FEN-1185;g__;s__	4594699
binchicken_emerge_co86.580	d__Bacteria;p__Chloroflexota;c__Anaerolineae;o__Anaerolineales;f__Anaerolineaceae;g__;s__	2004607
binchicken_emerge_co87.197	d__Bacteria;p__Fibrobacterota;c__Fibrobacteria;o__UBA5070;f__UBA5070;g__;s__	4270247
binchicken_emerge_co91.399	d__Bacteria;p__Bacteroidota;c__Bacteroidia;o__Bacteroidales;f__WCHB1-69;g__;s__	3651076
binchicken_emerge_co92.11	d__Bacteria;p__Desulfobacterota;c__Desulfobulbia;o__Desulfobulbales;f__Desulfocapsaceae;g__;s__	4335353
binchicken_emerge_co93.761	d__Bacteria;p__Fibrobacterota;c__Chitinivibrionia;o__Chitinivibrionales;f__FEN-1185;g__;s__	5359085
binchicken_emerge_co98.409	d__Bacteria;p__Desulfobacterota;c__Syntrophia;o__Syntrophales;f__UBA2185;g__;s__	1897920
binchicken_emerge_co99.402	d__Bacteria;p__SM23-31;c__SM23-31;o__JAUVVT01;f__JAUVVT01;g__;s__	3893743
binchicken_emerge_co99.409	d__Bacteria;p__Chloroflexota;c__Dehalococcoidia;o__Dehalococcoidales;f__UBA2162;g__;s__	2186722
binchicken_emerge_co99.435	d__Bacteria;p__Bacteroidota;c__UBA10030;o__UBA10030;f__;g__;s__	4297087
binchicken_fen_co146.699	d__Bacteria;p__Fibrobacterota;c__Chitinivibrionia;o__Chitinivibrionales;f__FEN-1185;g__;s__	4480479
binchicken_fen_co146.710	d__Bacteria;p__Fibrobacterota;c__Chitinivibrionia;o__Chitinivibrionales;f__FEN-1185;g__;s__	5075473
binchicken_fen_co146.717	d__Bacteria;p__Patescibacteria;c__Microgenomatia;o__GWA2-44-7;f__UBA8517;g__;s__	747608
binchicken_fen_co147.621	d__Bacteria;p__Fibrobacterota;c__Chitinivibrionia;o__Chitinivibrionales;f__FEN-1185;g__;s__	5219320
binchicken_fen_co147.640	d__Bacteria;p__Fibrobacterota;c__Chitinivibrionia;o__Chitinivibrionales;f__FEN-1185;g__;s__	4582609
binchicken_fen_co147.655	d__Bacteria;p__Actinomycetota;c__Geothermincolia;o__Fen-727;f__Anoxymicrobiaceae;g__;s__	3161247
binchicken_fen_co147.661	d__Bacteria;p__Patescibacteria;c__Microgenomatia;o__GWA2-44-7;f__UBA8517;g__;s__	810423
binchicken_fen_co148.173	d__Bacteria;p__Patescibacteria;c__Paceibacteria;o__UBA6257;f__2-01-FULL-56-20;g__;s__	754144
binchicken_fen_co149.537	d__Bacteria;p__Nitrospirota;c__UBA9217;o__UBA9217;f__UBA9217;g__;s__	3349108
binchicken_fen_co151.212	d__Bacteria;p__Fibrobacterota;c__Chitinivibrionia;o__Chitinivibrionales;f__FEN-1185;g__;s__	4225611
binchicken_fen_co151.232	d__Bacteria;p__Chloroflexota;c__Anaerolineae;o__Anaerolineales;f__Anaerolineaceae;g__;s__	2077554
binchicken_fen_co151.99	d__Bacteria;p__Bacteroidota;c__UBA10030;o__UBA10030;f__UBA6906;g__;s__	3951772
binchicken_fen_co152.1028	d__Bacteria;p__Acidobacteriota;c__Thermoanaerobaculia;o__UBA2201;f__UBA2201;g__;s__	2670691
binchicken_fen_co153.513	d__Bacteria;p__Fibrobacterota;c__Chitinivibrionia;o__Chitinivibrionales;f__FEN-1185;g__;s__	4279591
binchicken_fen_co153.705	d__Bacteria;p__Patescibacteria;c__Microgenomatia;o__GWA2-44-7;f__UBA8517;g__;s__	765680
binchicken_fen_co155.539	d__Bacteria;p__Eremiobacterota;c__Eremiobacteria;o__Baltobacterales;f__Baltobacteraceae;g__;s__	3081409
binchicken_fen_co156.356	d__Bacteria;p__Patescibacteria;c__ABY1;o__SG8-24;f__CAIQCM01;g__;s__	1018497
binchicken_fen_co157.433	d__Bacteria;p__Fibrobacterota;c__Chitinivibrionia;o__Chitinivibrionales;f__FEN-1185;g__;s__	4548000
binchicken_fen_co157.456	d__Bacteria;p__Actinomycetota;c__Geothermincolia;o__Fen-727;f__Anoxymicrobiaceae;g__;s__	3180842
binchicken_fen_co158.81	d__Bacteria;p__Patescibacteria;c__ABY1;o__SG8-24;f__CAIQCM01;g__;s__	1366952
binchicken_fen_co159.761	d__Bacteria;p__Fibrobacterota;c__Chitinivibrionia;o__Chitinivibrionales;f__FEN-1185;g__;s__	4801850
binchicken_fen_co161.44	d__Bacteria;p__Patescibacteria;c__Microgenomatia;o__GWA2-44-7;f__UBA8517;g__;s__	991610
binchicken_fen_co162.345	d__Bacteria;p__Actinomycetota;c__Geothermincolia;o__Fen-727;f__Anoxymicrobiaceae;g__;s__	3347457
binchicken_fen_co162.512	d__Bacteria;p__Fibrobacterota;c__Chitinivibrionia;o__Chitinivibrionales;f__FEN-1185;g__;s__	4644827
binchicken_fen_co163.314	d__Bacteria;p__JAJYCY01;c__JAJYCY01;o__JAJYGY01;f__JAJYGY01;g__;s__	2369400
binchicken_fen_co164.525	d__Bacteria;p__Fibrobacterota;c__Chitinivibrionia;o__Chitinivibrionales;f__FEN-1185;g__;s__	4938000
binchicken_fen_co164.543	d__Bacteria;p__Actinomycetota;c__Geothermincolia;o__Fen-727;f__Anoxymicrobiaceae;g__;s__	2995022
binchicken_fen_co165.208	d__Bacteria;p__Bdellovibrionota;c__JAFGOL01;o__JAFGOL01;f__JAFGOL01;g__;s__	2034452
binchicken_fen_co168.339	d__Bacteria;p__Fibrobacterota;c__Chitinivibrionia;o__Chitinivibrionales;f__FEN-1185;g__;s__	5125605
binchicken_fen_co168.497	d__Bacteria;p__Omnitrophota;c__Koll11;o__Zapsychrales;f__Fredricksoniimonadaceae;g__;s__	2217435
binchicken_fen_co170.134	d__Bacteria;p__Patescibacteria;c__ABY1;o__SG8-24;f__DYFX01;g__;s__	1286538
binchicken_fen_co172.233	d__Bacteria;p__Fibrobacterota;c__Chitinivibrionia;o__Chitinivibrionales;f__FEN-1185;g__;s__	5157118
binchicken_fen_co174.345	d__Bacteria;p__Fibrobacterota;c__Chitinivibrionia;o__Chitinivibrionales;f__FEN-1185;g__;s__	4987911
binchicken_fen_co174.347	d__Bacteria;p__Fibrobacterota;c__Chitinivibrionia;o__Chitinivibrionales;f__FEN-1185;g__;s__	4674826
binchicken_fen_co176.418	d__Bacteria;p__Fibrobacterota;c__Chitinivibrionia;o__Chitinivibrionales;f__FEN-1185;g__;s__	4682434
binchicken_fen_co176.641	d__Bacteria;p__Bacteroidota;c__Bacteroidia;o__Bacteroidales;f__DTGW01;g__;s__	4227742
binchicken_fen_co179.749	d__Bacteria;p__Fibrobacterota;c__Chitinivibrionia;o__Chitinivibrionales;f__FEN-1185;g__;s__	4560246
binchicken_fen_co180.727	d__Bacteria;p__Patescibacteria;c__Microgenomatia;o__GWA2-44-7;f__UBA8517;g__;s__	816372
binchicken_fen_co181.510	d__Bacteria;p__Acidobacteriota;c__Terriglobia;o__Terriglobales;f__Koribacteraceae;g__;s__	3378232
binchicken_fen_co185.151	d__Bacteria;p__Patescibacteria;c__Microgenomatia;o__GWA2-44-7;f__UBA8517;g__;s__	818554
binchicken_fen_co188.126	d__Bacteria;p__Patescibacteria;c__Saccharimonadia;o__Saccharimonadales;f__UBA4665;g__;s__	820233
binchicken_fen_co188.56	d__Bacteria;p__JAJYCY01;c__JAJYCY01;o__JAJYGY01;f__JAJYGY01;g__;s__	2491074
binchicken_fen_co192.191	d__Bacteria;p__Fibrobacterota;c__Chitinivibrionia;o__Chitinivibrionales;f__FEN-1185;g__;s__	5250369
binchicken_fen_co192.443	d__Bacteria;p__Fibrobacterota;c__Chitinivibrionia;o__Chitinivibrionales;f__FEN-1185;g__;s__	4505374
binchicken_fen_co196.534	d__Bacteria;p__Verrucomicrobiota;c__Verrucomicrobiae;o__Chthoniobacterales;f__Chthoniobacteraceae;g__;s__	4405313
binchicken_fen_co197.321	d__Bacteria;p__FCPU426;c__Palsa-1180;o__Palsa-1180;f__Palsa-1180;g__;s__	3446681
binchicken_fen_co197.437	d__Bacteria;p__FCPU426;c__Palsa-1180;o__Palsa-1180;f__Palsa-1180;g__;s__	3193457
binchicken_fen_co197.443	d__Bacteria;p__Patescibacteria;c__Paceibacteria;o__Moranbacterales;f__GWC2-37-73;g__;s__	865099
binchicken_fen_co197.466	d__Bacteria;p__Patescibacteria;c__Saccharimonadia;o__Saccharimonadales;f__UBA4665;g__;s__	794568
binchicken_fen_co200.110	d__Bacteria;p__Omnitrophota;c__Koll11;o__Zapsychrales;f__Fredricksoniimonadaceae;g__;s__	2084569
binchicken_fen_co200.57	d__Bacteria;p__Chloroflexota;c__Anaerolineae;o__Anaerolineales;f__Anaerolineaceae;g__;s__	2123065
binchicken_fen_co204.129	d__Bacteria;p__Bdellovibrionota;c__JAFGOL01;o__JAFGOL01;f__JAFGOL01;g__;s__	2090192
binchicken_fen_co204.41	d__Bacteria;p__Patescibacteria;c__Microgenomatia;o__GWA2-44-7;f__UBA8517;g__;s__	996167
binchicken_fen_co206.136	d__Bacteria;p__Patescibacteria;c__ABY1;o__SG8-24;f__CAIQCM01;g__;s__	986905
binchicken_fen_co206.170	d__Bacteria;p__Patescibacteria;c__Microgenomatia;o__Levybacterales;f__UBA12049;g__;s__	832003
binchicken_fen_co206.616	d__Bacteria;p__Patescibacteria;c__ABY1;o__SG8-24;f__CAIQCM01;g__;s__	1382808
binchicken_fen_co207.555	d__Bacteria;p__Fibrobacterota;c__Chitinivibrionia;o__Chitinivibrionales;f__FEN-1185;g__;s__	4751101
binchicken_fen_co207.705	d__Bacteria;p__Acidobacteriota;c__Terriglobia;o__JAIQFV01;f__JAIQFV01;g__;s__	4323849
binchicken_fen_co213.186	d__Bacteria;p__FCPU426;c__Palsa-1180;o__Palsa-1180;f__Palsa-1180;g__;s__	3490524
binchicken_fen_co213.732	d__Bacteria;p__Fibrobacterota;c__Chitinivibrionia;o__Chitinivibrionales;f__FEN-1185;g__;s__	4827837
binchicken_fen_co213.784	d__Bacteria;p__JAJYCY01;c__JAJYCY01;o__JAJYGY01;f__JAJYGY01;g__;s__	2493076
binchicken_fen_co213.93	d__Bacteria;p__Eremiobacterota;c__Eremiobacteria;o__Baltobacterales;f__Baltobacteraceae;g__;s__	3252860
binchicken_fen_co216.280	d__Bacteria;p__Fibrobacterota;c__Chitinivibrionia;o__Chitinivibrionales;f__FEN-1185;g__;s__	5301559
binchicken_fen_co216.570	d__Bacteria;p__Fibrobacterota;c__Chitinivibrionia;o__Chitinivibrionales;f__FEN-1185;g__;s__	4617323
binchicken_fen_co216.571	d__Bacteria;p__Actinomycetota;c__Geothermincolia;o__Fen-727;f__;g__;s__	2987217
binchicken_fen_co216.573	d__Bacteria;p__Patescibacteria;c__Microgenomatia;o__GWA2-44-7;f__UBA8517;g__;s__	810000
binchicken_fen_co218.564	d__Bacteria;p__Patescibacteria;c__ABY1;o__SG8-24;f__DYFX01;g__;s__	1252173
binchicken_fen_co225.176	d__Bacteria;p__Patescibacteria;c__ABY1;o__SG8-24;f__CAIQCM01;g__;s__	1002518
binchicken_fen_co225.230	d__Bacteria;p__Patescibacteria;c__Microgenomatia;o__GWA2-44-7;f__UBA8517;g__;s__	816197
binchicken_fen_co230.260	d__Bacteria;p__Patescibacteria;c__ABY1;o__SG8-24;f__CAIQCM01;g__;s__	973912
binchicken_fen_co231.32	d__Bacteria;p__FCPU426;c__Palsa-1180;o__Palsa-1180;f__Palsa-1180;g__;s__	3492383
binchicken_fen_co231.62	d__Bacteria;p__Eremiobacterota;c__Eremiobacteria;o__Baltobacterales;f__Baltobacteraceae;g__;s__	3219601
binchicken_fen_co234.42	d__Bacteria;p__Omnitrophota;c__Koll11;o__Zapsychrales;f__Fredricksoniimonadaceae;g__;s__	2207514
binchicken_fen_co234.598	d__Bacteria;p__Bdellovibrionota;c__JAFGOL01;o__JAFGOL01;f__JAFGOL01;g__;s__	1911419
binchicken_fen_co235.496	d__Bacteria;p__Actinomycetota;c__Geothermincolia;o__Fen-727;f__;g__;s__	3040110
binchicken_fen_co236.489	d__Bacteria;p__WOR-3;c__WOR-3;o__UBA2258;f__;g__;s__	3199482
binchicken_fen_co237.227	d__Bacteria;p__Bdellovibrionota;c__JAFGOL01;o__JAFGOL01;f__JAFGOL01;g__;s__	2128058
binchicken_fen_co237.380	d__Bacteria;p__Acidobacteriota;c__Terriglobia;o__JAIQFV01;f__JAIQFV01;g__;s__	4141876
binchicken_fen_co237.388	d__Bacteria;p__Acidobacteriota;c__Terriglobia;o__Terriglobales;f__Koribacteraceae;g__;s__	3753672
binchicken_palsa_co138.236	d__Bacteria;p__Pseudomonadota;c__Alphaproteobacteria;o__ATCC43930;f__Stellaceae;g__;s__	2658913
binchicken_palsa_co139.80	d__Bacteria;p__Actinomycetota;c__Acidimicrobiia;o__Acidimicrobiales;f__;g__;s__	4487829
binchicken_palsa_co140.432	d__Bacteria;p__Patescibacteria;c__Doudnabacteria;o__UBA920;f__VMFF01;g__;s__	830977
binchicken_palsa_co142.109	d__Bacteria;p__Patescibacteria;c__Saccharimonadia;o__Saccharimonadales;f__UBA4665;g__;s__	995756
binchicken_palsa_co144.132	d__Bacteria;p__Actinomycetota;c__Acidimicrobiia;o__Acidimicrobiales;f__;g__;s__	5599014
binchicken_palsa_co144.319	d__Bacteria;p__Actinomycetota;c__Acidimicrobiia;o__Acidimicrobiales;f__;g__;s__	4397593
binchicken_palsa_co144.339	d__Bacteria;p__Actinomycetota;c__Acidimicrobiia;o__IMCC26256;f__PALSA-610;g__;s__	5183031
binchicken_palsa_co145.417	d__Bacteria;p__Acidobacteriota;c__Terriglobia;o__Acidoferrales;f__UBA7541;g__;s__	4163870
binchicken_palsa_co146.84	d__Bacteria;p__Patescibacteria;c__Saccharimonadia;o__Saccharimonadales;f__UBA10212;g__;s__	774530
binchicken_palsa_co146.93	d__Bacteria;p__Actinomycetota;c__Actinomycetes;o__Mycobacteriales;f__CAJCIY01;g__;s__	3377621
binchicken_palsa_co148.349	d__Bacteria;p__Actinomycetota;c__Acidimicrobiia;o__IMCC26256;f__PALSA-610;g__;s__	5226273
binchicken_palsa_co149.462	d__Bacteria;p__Planctomycetota;c__Planctomycetia;o__Pirellulales;f__PALSA-1355;g__;s__	6487331
binchicken_palsa_co149.521	d__Bacteria;p__Actinomycetota;c__Actinomycetes;o__Mycobacteriales;f__CAJCIY01;g__;s__	3082135
binchicken_palsa_co150.392	d__Bacteria;p__Eremiobacterota;c__Eremiobacteria;o__Baltobacterales;f__Baltobacteraceae;g__;s__	3687687
binchicken_palsa_co151.632	d__Bacteria;p__Pseudomonadota;c__Alphaproteobacteria;o__ATCC43930;f__Stellaceae;g__;s__	2691046
binchicken_palsa_co152.315	d__Bacteria;p__Eremiobacterota;c__Eremiobacteria;o__Baltobacterales;f__Baltobacteraceae;g__;s__	2577559
binchicken_palsa_co152.469	d__Bacteria;p__Actinomycetota;c__Acidimicrobiia;o__IMCC26256;f__PALSA-610;g__;s__	6380389
binchicken_palsa_co152.514	d__Bacteria;p__Actinomycetota;c__Acidimicrobiia;o__Acidimicrobiales;f__;g__;s__	4637180
binchicken_palsa_co153.416	d__Bacteria;p__Pseudomonadota;c__Alphaproteobacteria;o__ATCC43930;f__Stellaceae;g__;s__	3045373
binchicken_palsa_co153.482	d__Bacteria;p__Acidobacteriota;c__Terriglobia;o__Acidoferrales;f__UBA7541;g__;s__	4392292
binchicken_palsa_co154.349	d__Bacteria;p__Pseudomonadota;c__Alphaproteobacteria;o__ATCC43930;f__Stellaceae;g__;s__	3252169
binchicken_palsa_co157.207	d__Bacteria;p__Acidobacteriota;c__Terriglobia;o__Acidoferrales;f__UBA7541;g__;s__	4390982
binchicken_palsa_co157.217	d__Bacteria;p__Acidobacteriota;c__Terriglobia;o__Acidoferrales;f__UBA7541;g__;s__	3708672
binchicken_palsa_co157.394	d__Bacteria;p__Acidobacteriota;c__Terriglobia;o__Acidoferrales;f__UBA7541;g__;s__	4135043
binchicken_palsa_co158.231	d__Bacteria;p__Eremiobacterota;c__Eremiobacteria;o__Baltobacterales;f__Baltobacteraceae;g__;s__	2491349
binchicken_palsa_co159.652	d__Bacteria;p__Eremiobacterota;c__Eremiobacteria;o__Baltobacterales;f__Baltobacteraceae;g__;s__	3662586
binchicken_palsa_co160.350	d__Bacteria;p__Pseudomonadota;c__Alphaproteobacteria;o__ATCC43930;f__Stellaceae;g__;s__	3007561
binchicken_palsa_co160.398	d__Bacteria;p__Acidobacteriota;c__Terriglobia;o__Acidoferrales;f__UBA7541;g__;s__	3088790
binchicken_palsa_co161.235	d__Bacteria;p__Eremiobacterota;c__Eremiobacteria;o__Baltobacterales;f__Baltobacteraceae;g__;s__	3443637
binchicken_palsa_co161.624	d__Bacteria;p__Eremiobacterota;c__Eremiobacteria;o__Baltobacterales;f__Baltobacteraceae;g__;s__	3654000
binchicken_palsa_co161.86	d__Bacteria;p__Myxococcota;c__Myxococcia;o__Myxococcales;f__JAKAPL01;g__;s__	5237316
binchicken_palsa_co163.254	d__Bacteria;p__Acidobacteriota;c__Terriglobia;o__Acidoferrales;f__UBA7541;g__;s__	5979707
binchicken_palsa_co164.176	d__Bacteria;p__Pseudomonadota;c__Alphaproteobacteria;o__ATCC43930;f__Stellaceae;g__;s__	3050242
binchicken_palsa_co165.309	d__Bacteria;p__Pseudomonadota;c__Alphaproteobacteria;o__ATCC43930;f__Stellaceae;g__;s__	2645849
binchicken_palsa_co167.215	d__Bacteria;p__Pseudomonadota;c__Alphaproteobacteria;o__ATCC43930;f__Stellaceae;g__;s__	2749295
binchicken_palsa_co167.368	d__Bacteria;p__Actinomycetota;c__Actinomycetes;o__Streptosporangiales;f__Streptosporangiaceae;g__;s__	7170125
binchicken_palsa_co169.246	d__Bacteria;p__Pseudomonadota;c__Alphaproteobacteria;o__ATCC43930;f__Stellaceae;g__;s__	2834057
binchicken_palsa_co170.237	d__Bacteria;p__Eremiobacterota;c__Eremiobacteria;o__Baltobacterales;f__Baltobacteraceae;g__;s__	3454939
binchicken_palsa_co174.265	d__Bacteria;p__Myxococcota;c__Polyangia;o__Polyangiales;f__Polyangiaceae;g__;s__	4886578
binchicken_palsa_co174.5	d__Bacteria;p__Pseudomonadota;c__Alphaproteobacteria;o__ATCC43930;f__Stellaceae;g__;s__	2628712
binchicken_palsa_co175.553	d__Bacteria;p__Pseudomonadota;c__Alphaproteobacteria;o__ATCC43930;f__Stellaceae;g__;s__	2715915
binchicken_palsa_co175.569	d__Bacteria;p__Eremiobacterota;c__Eremiobacteria;o__Baltobacterales;f__Baltobacteraceae;g__;s__	3727971
binchicken_palsa_co179.523	d__Bacteria;p__Eremiobacterota;c__Eremiobacteria;o__Baltobacterales;f__Baltobacteraceae;g__;s__	3653414
binchicken_palsa_co181.369	d__Bacteria;p__Acidobacteriota;c__Terriglobia;o__Acidoferrales;f__UBA7541;g__;s__	4509545
binchicken_palsa_co181.394	d__Bacteria;p__Myxococcota;c__Polyangia;o__Polyangiales;f__Polyangiaceae;g__;s__	6718490
binchicken_palsa_co181.522	d__Bacteria;p__Pseudomonadota;c__Alphaproteobacteria;o__ATCC43930;f__Stellaceae;g__;s__	2695602
binchicken_palsa_co184.323	d__Bacteria;p__Eremiobacterota;c__Eremiobacteria;o__Baltobacterales;f__Baltobacteraceae;g__;s__	3355953
binchicken_palsa_co186.112	d__Bacteria;p__Eremiobacterota;c__Eremiobacteria;o__Baltobacterales;f__Baltobacteraceae;g__;s__	3298031
binchicken_palsa_co186.456	d__Bacteria;p__Eremiobacterota;c__Eremiobacteria;o__Baltobacterales;f__Baltobacteraceae;g__;s__	3663590
binchicken_palsa_co187.136	d__Bacteria;p__Pseudomonadota;c__Alphaproteobacteria;o__ATCC43930;f__Stellaceae;g__;s__	2734471
binchicken_palsa_co187.432	d__Bacteria;p__Acidobacteriota;c__Terriglobia;o__Acidoferrales;f__UBA7541;g__;s__	4046558
binchicken_palsa_co189.192	d__Bacteria;p__Pseudomonadota;c__Alphaproteobacteria;o__ATCC43930;f__Stellaceae;g__;s__	2747946
binchicken_palsa_co189.576	d__Bacteria;p__Acidobacteriota;c__Terriglobia;o__Acidoferrales;f__UBA7541;g__;s__	2938507
binchicken_palsa_co191.103	d__Bacteria;p__Pseudomonadota;c__Alphaproteobacteria;o__ATCC43930;f__Stellaceae;g__;s__	2730743
binchicken_palsa_co191.293	d__Bacteria;p__Actinomycetota;c__Actinomycetes;o__Streptosporangiales;f__Streptosporangiaceae;g__;s__	5917061
binchicken_palsa_co192.599	d__Bacteria;p__Eremiobacterota;c__Eremiobacteria;o__Baltobacterales;f__Baltobacteraceae;g__;s__	2986257
binchicken_palsa_co198.373	d__Bacteria;p__Myxococcota;c__Myxococcia;o__Myxococcales;f__JAKAPL01;g__;s__	5126854
binchicken_palsa_co199.190	d__Bacteria;p__Verrucomicrobiota;c__Verrucomicrobiae;o__Chthoniobacterales;f__UBA10450;g__;s__	3554215
binchicken_palsa_co199.21	d__Bacteria;p__Bacteroidota;c__Bacteroidia;o__Bacteroidales;f__DTGW01;g__;s__	4138486
binchicken_palsa_co199.62	d__Bacteria;p__Actinomycetota;c__Acidimicrobiia;o__IMCC26256;f__PALSA-610;g__;s__	4425697
