accession	genome_size	taxonomy
OQ198719	90575	p__Uroviricota;c__Caudoviricetes;o__Crassvirales;f__Intestiviridae;g__Rudgehvirus;s__Rudgehvirus jaberico
BK063678	51140	p__Uroviricota;c__Caudoviricetes;o__Methanobavirales;f__Armatusviridae;g__Ariesvirus;s__Ariesvirus gravis
BK063679	34179	p__Uroviricota;c__Caudoviricetes;o__Methanobavirales;f__Kairosviridae;g__Nadirvirus;s__Nadirvirus capraenecum
OQ579030	40788	p__Uroviricota;c__Caudoviricetes;o__Autographiviridae;f__Autographiviridae;g__Przondovirus;s__Przondovirus emom
OQ579023	41642	p__Uroviricota;c__Caudoviricetes;o__Autographiviridae;f__Autographiviridae;g__Przondovirus;s__Przondovirus oda
OQ579029	40741	p__Uroviricota;c__Caudoviricetes;o__Autographiviridae;f__Autographiviridae;g__Przondovirus;s__Przondovirus saitama
OQ579032	40735	p__Uroviricota;c__Caudoviricetes;o__Autographiviridae;f__Autographiviridae;g__Przondovirus;s__Przondovirus whistle
MN117721	52615	p__Uroviricota;c__Caudoviricetes;o__Chaseviridae;f__Chaseviridae;g__Carltongylesvirus;s__Carltongylesvirus Bp7
MW147598	54869	p__Uroviricota;c__Caudoviricetes;o__Chaseviridae;f__Chaseviridae;g__Carltongylesvirus;s__Carltongylesvirus PYps23T
OL960574	53673	p__Uroviricota;c__Caudoviricetes;o__Chaseviridae;f__Chaseviridae;g__Carltongylesvirus;s__Carltongylesvirus SA91KD
OK073976	53559	p__Uroviricota;c__Caudoviricetes;o__Chaseviridae;f__Chaseviridae;g__Fifivirus;s__Fifivirus fifi44
OP056089	53793	p__Uroviricota;c__Caudoviricetes;o__Chaseviridae;f__Chaseviridae;g__Liaoningvirus;s__Liaoningvirus VPs20
OL770365	53372	p__Uroviricota;c__Caudoviricetes;o__Chaseviridae;f__Chaseviridae;g__Longwangvirus;s__Longwangvirus BUCT696
MW380983	50725	p__Uroviricota;c__Caudoviricetes;o__Chaseviridae;f__Chaseviridae;g__Phayathaivirus;s__Phayathaivirus PVN03
BK063676	37696	p__Uroviricota;c__Caudoviricetes;o__Clermontviridae;f__Clermontviridae;g__Ventrumvirus;s__Ventrumvirus gergoviense
MT074460	112486	p__Uroviricota;c__Caudoviricetes;o__Demerecviridae;f__Demerecviridae;g__Epseptimavirus;s__Epseptimavirus bux
OQ362005	112942	p__Uroviricota;c__Caudoviricetes;o__Demerecviridae;f__Demerecviridae;g__Epseptimavirus;s__Epseptimavirus GSW6
MT074461	112590	p__Uroviricota;c__Caudoviricetes;o__Demerecviridae;f__Demerecviridae;g__Epseptimavirus;s__Epseptimavirus smaug
MW567727	112834	p__Uroviricota;c__Caudoviricetes;o__Demerecviridae;f__Demerecviridae;g__Epseptimavirus;s__Epseptimavirus STWB21
MZ501108	114179	p__Uroviricota;c__Caudoviricetes;o__Demerecviridae;f__Demerecviridae;g__Epseptimavirus;s__Epseptimavirus trudigerster
OQ359889	113742	p__Uroviricota;c__Caudoviricetes;o__Demerecviridae;f__Demerecviridae;g__Epseptimavirus;s__Epseptimavirus UTK0009
MZ501058	113532	p__Uroviricota;c__Caudoviricetes;o__Demerecviridae;f__Demerecviridae;g__Tequintavirus;s__Tequintavirus DaisyDussoix
MT080103	111345	p__Uroviricota;c__Caudoviricetes;o__Demerecviridae;f__Demerecviridae;g__Tequintavirus;s__Tequintavirus ECOP18
OM386657	112115	p__Uroviricota;c__Caudoviricetes;o__Demerecviridae;f__Demerecviridae;g__Tequintavirus;s__Tequintavirus ESCO30
OM386660	108755	p__Uroviricota;c__Caudoviricetes;o__Demerecviridae;f__Demerecviridae;g__Tequintavirus;s__Tequintavirus ESCO40
MZ501074	111607	p__Uroviricota;c__Caudoviricetes;o__Demerecviridae;f__Demerecviridae;g__Tequintavirus;s__Tequintavirus hildybeyeler
OK272480	109776	p__Uroviricota;c__Caudoviricetes;o__Demerecviridae;f__Demerecviridae;g__Tequintavirus;s__Tequintavirus JLBYU40
OK272477	111814	p__Uroviricota;c__Caudoviricetes;o__Demerecviridae;f__Demerecviridae;g__Tequintavirus;s__Tequintavirus JLBYU43
OQ031075	137988	p__Uroviricota;c__Caudoviricetes;o__Demerecviridae;f__Demerecviridae;g__Tequintavirus;s__Tequintavirus KPP2018
MT577844	109938	p__Uroviricota;c__Caudoviricetes;o__Demerecviridae;f__Demerecviridae;g__Tequintavirus;s__Tequintavirus LmqsSP1
OQ680478	105369	p__Uroviricota;c__Caudoviricetes;o__Demerecviridae;f__Demerecviridae;g__Tequintavirus;s__Tequintavirus phA11
OQ680479	106455	p__Uroviricota;c__Caudoviricetes;o__Demerecviridae;f__Demerecviridae;g__Tequintavirus;s__Tequintavirus phB7
MN445182	110965	p__Uroviricota;c__Caudoviricetes;o__Demerecviridae;f__Demerecviridae;g__Tequintavirus;s__Tequintavirus SA001
MZ501103	107080	p__Uroviricota;c__Caudoviricetes;o__Demerecviridae;f__Demerecviridae;g__Tequintavirus;s__Tequintavirus selmaratti
MT653143	109746	p__Uroviricota;c__Caudoviricetes;o__Demerecviridae;f__Demerecviridae;g__Tequintavirus;s__Tequintavirus tv3sent1
MT233524	112111	p__Uroviricota;c__Caudoviricetes;o__Demerecviridae;f__Demerecviridae;g__Tequintavirus;s__Tequintavirus tvI1
MK770119	116649	p__Uroviricota;c__Caudoviricetes;o__Demerecviridae;f__Demerecviridae;g__Keyvirus;s__Keyvirus AAS21
MN434094	112215	p__Uroviricota;c__Caudoviricetes;o__Demerecviridae;f__Demerecviridae;g__Sugarlandvirus;s__Sugarlandvirus AmPhEK80
MT380195	113227	p__Uroviricota;c__Caudoviricetes;o__Demerecviridae;f__Demerecviridae;g__Sugarlandvirus;s__Sugarlandvirus B01
MZ571830	113149	p__Uroviricota;c__Caudoviricetes;o__Demerecviridae;f__Demerecviridae;g__Sugarlandvirus;s__Sugarlandvirus VAC51
MZ501051	50126	p__Uroviricota;c__Caudoviricetes;o__Drexlerviridae;f__Drexlerviridae;g__Augustepiccardvirus;s__Augustepiccardvirus augustepiccard
ON081052	46054	p__Uroviricota;c__Caudoviricetes;o__Drexlerviridae;f__Drexlerviridae;g__Guelphvirus;s__Guelphvirus SCS31
MK373793	43157	p__Uroviricota;c__Caudoviricetes;o__Drexlerviridae;f__Drexlerviridae;g__Inhoffenstrassevirus;s__Inhoffenstrassevirus MM01
MZ501087	47731	p__Uroviricota;c__Caudoviricetes;o__Drexlerviridae;f__Drexlerviridae;g__Julespiccardvirus;s__Julespiccardvirus julespiccard
OM258170	47884	p__Uroviricota;c__Caudoviricetes;o__Drexlerviridae;f__Drexlerviridae;g__Rtpvirus;s__Rtpvirus ZL19
MT682706	43757	p__Uroviricota;c__Caudoviricetes;o__Drexlerviridae;f__Drexlerviridae;g__Veterinaerplatzvirus;s__Veterinaerplatzvirus FP
MZ501080	47149	p__Uroviricota;c__Caudoviricetes;o__Drexlerviridae;f__Drexlerviridae;g__Veterinaerplatzvirus;s__Veterinaerplatzvirus Jeanpiccard
MT511058	46150	p__Uroviricota;c__Caudoviricetes;o__Drexlerviridae;f__Drexlerviridae;g__Veterinaerplatzvirus;s__Veterinaerplatzvirus SU57
MN840485	45917	p__Uroviricota;c__Caudoviricetes;o__Drexlerviridae;f__Drexlerviridae;g__Veterinaerplatzvirus;s__Veterinaerplatzvirus vv2725N25
OQ243221	46604	p__Uroviricota;c__Caudoviricetes;o__Drexlerviridae;f__Drexlerviridae;g__Rogunavirus;s__Rogunavirus UDF157w
OL539467	48303	p__Uroviricota;c__Caudoviricetes;o__Drexlerviridae;f__Drexlerviridae;g__Sadiyavirus;s__Sadiyavirus sadiya
MZ501099	51285	p__Uroviricota;c__Caudoviricetes;o__Drexlerviridae;f__Drexlerviridae;g__Changchunvirus;s__Changchunvirus paulsarasin
ON185589	46060	p__Uroviricota;c__Caudoviricetes;o__Drexlerviridae;f__Drexlerviridae;g__Hanrivervirus;s__Hanrivervirus EC147
MZ501077	49911	p__Uroviricota;c__Caudoviricetes;o__Drexlerviridae;f__Drexlerviridae;g__Henuseptimavirus;s__Henuseptimavirus isaaklselin
MZ501085	49715	p__Uroviricota;c__Caudoviricetes;o__Drexlerviridae;f__Drexlerviridae;g__Henuseptimavirus;s__Henuseptimavirus johannburckhardt
MK552105	50984	p__Uroviricota;c__Caudoviricetes;o__Drexlerviridae;f__Drexlerviridae;g__Jahatvirus;s__Jahatvirus MG145
OM317910	52111	p__Uroviricota;c__Caudoviricetes;o__Drexlerviridae;f__Drexlerviridae;g__Peekayseptimavirus;s__Peekayseptimavirus PK7R
MW689258	48795	p__Uroviricota;c__Caudoviricetes;o__Drexlerviridae;f__Drexlerviridae;g__Pocisvirus;s__Pocisvirus pocis76
OP292674	46635	p__Uroviricota;c__Caudoviricetes;o__Drexlerviridae;f__Drexlerviridae;g__Tlsvirus;s__Tlsvirus F61
MT478992	50633	p__Uroviricota;c__Caudoviricetes;o__Drexlerviridae;f__Drexlerviridae;g__Tlsvirus;s__Tlsvirus tv011D2
OQ359885	49758	p__Uroviricota;c__Caudoviricetes;o__Drexlerviridae;f__Drexlerviridae;g__Tlsvirus;s__Tlsvirus UTK0006
OU734268	50809	p__Uroviricota;c__Caudoviricetes;o__Drexlerviridae;f__Drexlerviridae;g__Warwickvirus;s__Warwickvirus sip
MZ501053	49298	p__Uroviricota;c__Caudoviricetes;o__Drexlerviridae;f__Drexlerviridae;g__Sertoctavirus;s__Sertoctavirus brunomanser
MZ501092	50192	p__Uroviricota;c__Caudoviricetes;o__Drexlerviridae;f__Drexlerviridae;g__Tunavirus;s__Tunavirus leonhardeuler
OP094641	50078	p__Uroviricota;c__Caudoviricetes;o__Drexlerviridae;f__Drexlerviridae;g__Tunavirus;s__Tunavirus Lg3
OP455115	50158	p__Uroviricota;c__Caudoviricetes;o__Drexlerviridae;f__Drexlerviridae;g__Tunavirus;s__Tunavirus LHE71
OQ223306	50597	p__Uroviricota;c__Caudoviricetes;o__Drexlerviridae;f__Drexlerviridae;g__Tunavirus;s__Tunavirus S202
OL960582	50709	p__Uroviricota;c__Caudoviricetes;o__Drexlerviridae;f__Drexlerviridae;g__Tunavirus;s__Tunavirus SA12KD
OL960579	50465	p__Uroviricota;c__Caudoviricetes;o__Drexlerviridae;f__Drexlerviridae;g__Tunavirus;s__Tunavirus SA30RD
OL960578	48980	p__Uroviricota;c__Caudoviricetes;o__Drexlerviridae;f__Drexlerviridae;g__Tunavirus;s__Tunavirus SA32RD
OM735690	50665	p__Uroviricota;c__Caudoviricetes;o__Drexlerviridae;f__Drexlerviridae;g__Webervirus;s__Webervirus BUCT705
OX335381	49366	p__Uroviricota;c__Caudoviricetes;o__Drexlerviridae;f__Drexlerviridae;g__Webervirus;s__Webervirus cp5
OX335361	50485	p__Uroviricota;c__Caudoviricetes;o__Drexlerviridae;f__Drexlerviridae;g__Webervirus;s__Webervirus cp24
OQ031071	49044	p__Uroviricota;c__Caudoviricetes;o__Drexlerviridae;f__Drexlerviridae;g__Webervirus;s__Webervirus KPP2020
MT701592	51775	p__Uroviricota;c__Caudoviricetes;o__Drexlerviridae;f__Drexlerviridae;g__Webervirus;s__Webervirus solomon
MZ428221	51784	p__Uroviricota;c__Caudoviricetes;o__Drexlerviridae;f__Drexlerviridae;g__Webervirus;s__Webervirus VAC2
ON602735	49322	p__Uroviricota;c__Caudoviricetes;o__Drexlerviridae;f__Drexlerviridae;g__Webervirus;s__Webervirus VLCpiD7c
OQ737697	19564	p__Uroviricota;c__Caudoviricetes;o__Guelinviridae;f__Guelinviridae;g__Gregsiragusavirus;s__Gregsiragusavirus cpp
OP022426	17894	p__Uroviricota;c__Caudoviricetes;o__Guelinviridae;f__Guelinviridae;g__Gregsiragusavirus;s__Gregsiragusavirus pm11
MZ401005	18246	p__Uroviricota;c__Caudoviricetes;o__Guelinviridae;f__Guelinviridae;g__Brucesealvirus;s__Brucesealvirus cpq3
OQ420427	139913	p__Uroviricota;c__Caudoviricetes;o__Herelleviridae;f__Herelleviridae;g__Kochikohdavirus;s__Kochikohdavirus kv53
MT856905	149431	p__Uroviricota;c__Caudoviricetes;o__Herelleviridae;f__Herelleviridae;g__Schiekvirus;s__Schiekvirus A2
MH791397	150272	p__Uroviricota;c__Caudoviricetes;o__Herelleviridae;f__Herelleviridae;g__Schiekvirus;s__Schiekvirus Efsszw1
OL674541	63962	p__Uroviricota;c__Caudoviricetes;o__Mesyanzhinovviridae;f__Mesyanzhinovviridae;g__Bosavirus;s__Bosavirus Axl1
ON932084	64024	p__Uroviricota;c__Caudoviricetes;o__Mesyanzhinovviridae;f__Mesyanzhinovviridae;g__Bosavirus;s__Bosavirus Doca10
MT664984	63783	p__Uroviricota;c__Caudoviricetes;o__Mesyanzhinovviridae;f__Mesyanzhinovviridae;g__Bosavirus;s__Bosavirus Xp12
ON932079	56408	p__Uroviricota;c__Caudoviricetes;o__Mesyanzhinovviridae;f__Mesyanzhinovviridae;g__Docaquintavirus;s__Docaquintavirus doca5
ON529854	58220	p__Uroviricota;c__Caudoviricetes;o__Mesyanzhinovviridae;f__Mesyanzhinovviridae;g__Donnerlittchenvirus;s__Donnerlittchenvirus donnerlittchenvirus
ON189045	62341	p__Uroviricota;c__Caudoviricetes;o__Mesyanzhinovviridae;f__Mesyanzhinovviridae;g__Elanorvirus;s__Elanorvirus elanor
ON005621	61660	p__Uroviricota;c__Caudoviricetes;o__Mesyanzhinovviridae;f__Mesyanzhinovviridae;g__Ghuizhouvirus;s__Ghuizhouvirus A1432
ON189047	59242	p__Uroviricota;c__Caudoviricetes;o__Mesyanzhinovviridae;f__Mesyanzhinovviridae;g__Mallosvirus;s__Mallosvirus mallos
KU204984	57599	p__Uroviricota;c__Caudoviricetes;o__Mesyanzhinovviridae;f__Mesyanzhinovviridae;g__Pamexvirus;s__Pamexvirus AAT1
ON331942	61862	p__Uroviricota;c__Caudoviricetes;o__Mesyanzhinovviridae;f__Mesyanzhinovviridae;g__Xooduovirus;s__Xooduovirus QDWS359
OP484843	32212	p__Uroviricota;c__Caudoviricetes;o__Peduoviridae;f__Peduoviridae;g__Bielevirus;s__Bielevirus A051
OQ025560	32696	p__Uroviricota;c__Caudoviricetes;o__Peduoviridae;f__Peduoviridae;g__Irtavirus;s__Irtavirus CFP3
OM638608	38803	p__Uroviricota;c__Caudoviricetes;o__Peduoviridae;f__Peduoviridae;g__Kayeltresvirus;s__Kayeltresvirus musica
MT457475	44805	p__Uroviricota;c__Caudoviricetes;o__Saffermanviridae;f__Saffermanviridae;g__Arthrovirus;s__Arthrovirus TR020
ON677538	40797	p__Uroviricota;c__Caudoviricetes;o__Saffermanviridae;f__Saffermanviridae;g__Morrisvirus;s__Morrisvirus JingP1
OM897575	39740	p__Uroviricota;c__Caudoviricetes;o__Saffermanviridae;f__Saffermanviridae;g__Wumpquatrovirus;s__Wumpquatrovirus Lbo240yong1
OP590147	42319	p__Uroviricota;c__Caudoviricetes;o__Saffermanviridae;f__Saffermanviridae;g__Wumptrevirus;s__Wumptrevirus LPP2
OQ187816	25439	p__Uroviricota;c__Caudoviricetes;o__Salasmaviridae;f__Salasmaviridae;g__Hemphillvirus;s__Hemphillvirus bece5
ON366412	28009	p__Uroviricota;c__Caudoviricetes;o__Salasmaviridae;f__Salasmaviridae;g__Layangcvirus;s__Layangcvirus LY3
ON042750	17798	p__Uroviricota;c__Caudoviricetes;o__Salasmaviridae;f__Salasmaviridae;g__Bahkauvirus;s__Bahkauvirus chedec
OP433492	20678	p__Uroviricota;c__Caudoviricetes;o__Salasmaviridae;f__Salasmaviridae;g__Gaunavirus;s__Gaunavirus syybuna
OQ721911	168519	p__Uroviricota;c__Caudoviricetes;o__Straboviridae;f__Straboviridae;g__Tequatrovirus;s__Tequatrovirus vipecoom
OP072636	30257	p__Uroviricota;c__Caudoviricetes;o__Umezonoviridae;f__Umezonoviridae;g__Moriyavirus;s__Moriyavirus gosyo
MK415409	30246	p__Uroviricota;c__Caudoviricetes;o__Umezonoviridae;f__Umezonoviridae;g__Moriyavirus;s__Moriyavirus misono
OP031074	30483	p__Uroviricota;c__Caudoviricetes;o__Umezonoviridae;f__Umezonoviridae;g__Moriyavirus;s__Moriyavirus yakushi
OP072489	30267	p__Uroviricota;c__Caudoviricetes;o__Umezonoviridae;f__Umezonoviridae;g__Namikivirus;s__Namikivirus ajiki
OP072486	30618	p__Uroviricota;c__Caudoviricetes;o__Umezonoviridae;f__Umezonoviridae;g__Namikivirus;s__Namikivirus akeshi
OP030994	30619	p__Uroviricota;c__Caudoviricetes;o__Umezonoviridae;f__Umezonoviridae;g__Namikivirus;s__Namikivirus bouchi
OP072887	30457	p__Uroviricota;c__Caudoviricetes;o__Umezonoviridae;f__Umezonoviridae;g__Namikivirus;s__Namikivirus furuku
OP031127	30220	p__Uroviricota;c__Caudoviricetes;o__Umezonoviridae;f__Umezonoviridae;g__Namikivirus;s__Namikivirus hakke
OP030894	30520	p__Uroviricota;c__Caudoviricetes;o__Umezonoviridae;f__Umezonoviridae;g__Namikivirus;s__Namikivirus hasaki
OP072800	30416	p__Uroviricota;c__Caudoviricetes;o__Umezonoviridae;f__Umezonoviridae;g__Namikivirus;s__Namikivirus horage
OP030953	29096	p__Uroviricota;c__Caudoviricetes;o__Umezonoviridae;f__Umezonoviridae;g__Namikivirus;s__Namikivirus hosomi
OP072690	29817	p__Uroviricota;c__Caudoviricetes;o__Umezonoviridae;f__Umezonoviridae;g__Namikivirus;s__Namikivirus ikeda
OP072785	30755	p__Uroviricota;c__Caudoviricetes;o__Umezonoviridae;f__Umezonoviridae;g__Namikivirus;s__Namikivirus isobe
OP072662	30185	p__Uroviricota;c__Caudoviricetes;o__Umezonoviridae;f__Umezonoviridae;g__Namikivirus;s__Namikivirus izumi
OP031095	29986	p__Uroviricota;c__Caudoviricetes;o__Umezonoviridae;f__Umezonoviridae;g__Namikivirus;s__Namikivirus kaname
OP072884	30081	p__Uroviricota;c__Caudoviricetes;o__Umezonoviridae;f__Umezonoviridae;g__Namikivirus;s__Namikivirus konda
OP072241	30303	p__Uroviricota;c__Caudoviricetes;o__Umezonoviridae;f__Umezonoviridae;g__Namikivirus;s__Namikivirus koya
OP030980	29811	p__Uroviricota;c__Caudoviricetes;o__Umezonoviridae;f__Umezonoviridae;g__Namikivirus;s__Namikivirus koyama
OP072470	29538	p__Uroviricota;c__Caudoviricetes;o__Umezonoviridae;f__Umezonoviridae;g__Namikivirus;s__Namikivirus maeno
OP072369	30969	p__Uroviricota;c__Caudoviricetes;o__Umezonoviridae;f__Umezonoviridae;g__Namikivirus;s__Namikivirus mase
OP072718	30724	p__Uroviricota;c__Caudoviricetes;o__Umezonoviridae;f__Umezonoviridae;g__Namikivirus;s__Namikivirus mimori
OP030808	29698	p__Uroviricota;c__Caudoviricetes;o__Umezonoviridae;f__Umezonoviridae;g__Namikivirus;s__Namikivirus myojin
OP072856	31486	p__Uroviricota;c__Caudoviricetes;o__Umezonoviridae;f__Umezonoviridae;g__Namikivirus;s__Namikivirus nakane
OP072247	30577	p__Uroviricota;c__Caudoviricetes;o__Umezonoviridae;f__Umezonoviridae;g__Namikivirus;s__Namikivirus nobata
OP072826	30590	p__Uroviricota;c__Caudoviricetes;o__Umezonoviridae;f__Umezonoviridae;g__Namikivirus;s__Namikivirus numata
OP072555	30120	p__Uroviricota;c__Caudoviricetes;o__Umezonoviridae;f__Umezonoviridae;g__Namikivirus;s__Namikivirus oda
OP030794	30208	p__Uroviricota;c__Caudoviricetes;o__Umezonoviridae;f__Umezonoviridae;g__Namikivirus;s__Namikivirus oguki
OP030734	30101	p__Uroviricota;c__Caudoviricetes;o__Umezonoviridae;f__Umezonoviridae;g__Namikivirus;s__Namikivirus ohi
OP031003	30594	p__Uroviricota;c__Caudoviricetes;o__Umezonoviridae;f__Umezonoviridae;g__Namikivirus;s__Namikivirus osuna
OP072506	30554	p__Uroviricota;c__Caudoviricetes;o__Umezonoviridae;f__Umezonoviridae;g__Namikivirus;s__Namikivirus ozawa
OP030816	30545	p__Uroviricota;c__Caudoviricetes;o__Umezonoviridae;f__Umezonoviridae;g__Namikivirus;s__Namikivirus rokuto
OP072867	30023	p__Uroviricota;c__Caudoviricetes;o__Umezonoviridae;f__Umezonoviridae;g__Namikivirus;s__Namikivirus sakae
OP072845	29954	p__Uroviricota;c__Caudoviricetes;o__Umezonoviridae;f__Umezonoviridae;g__Namikivirus;s__Namikivirus sakura
OP072337	29439	p__Uroviricota;c__Caudoviricetes;o__Umezonoviridae;f__Umezonoviridae;g__Namikivirus;s__Namikivirus shimana
OP030742	28772	p__Uroviricota;c__Caudoviricetes;o__Umezonoviridae;f__Umezonoviridae;g__Namikivirus;s__Namikivirus sugama
OP072391	29754	p__Uroviricota;c__Caudoviricetes;o__Umezonoviridae;f__Umezonoviridae;g__Namikivirus;s__Namikivirus suwa
OP072326	30961	p__Uroviricota;c__Caudoviricetes;o__Umezonoviridae;f__Umezonoviridae;g__Namikivirus;s__Namikivirus takata
OP031048	29574	p__Uroviricota;c__Caudoviricetes;o__Umezonoviridae;f__Umezonoviridae;g__Namikivirus;s__Namikivirus takura
OP072697	29694	p__Uroviricota;c__Caudoviricetes;o__Umezonoviridae;f__Umezonoviridae;g__Namikivirus;s__Namikivirus tanaka
OP072480	29253	p__Uroviricota;c__Caudoviricetes;o__Umezonoviridae;f__Umezonoviridae;g__Namikivirus;s__Namikivirus teragu
OP072408	30409	p__Uroviricota;c__Caudoviricetes;o__Umezonoviridae;f__Umezonoviridae;g__Namikivirus;s__Namikivirus tsukuho
OP031115	30506	p__Uroviricota;c__Caudoviricetes;o__Umezonoviridae;f__Umezonoviridae;g__Namikivirus;s__Namikivirus tushida
OP072827	30144	p__Uroviricota;c__Caudoviricetes;o__Umezonoviridae;f__Umezonoviridae;g__Namikivirus;s__Namikivirus ueno
OP072491	30281	p__Uroviricota;c__Caudoviricetes;o__Umezonoviridae;f__Umezonoviridae;g__Namikivirus;s__Namikivirus usui
OP072766	30533	p__Uroviricota;c__Caudoviricetes;o__Umezonoviridae;f__Umezonoviridae;g__Namikivirus;s__Namikivirus wadai
OP030766	30238	p__Uroviricota;c__Caudoviricetes;o__Umezonoviridae;f__Umezonoviridae;g__Namikivirus;s__Namikivirus wakaba
OP072603	31034	p__Uroviricota;c__Caudoviricetes;o__Umezonoviridae;f__Umezonoviridae;g__Namikivirus;s__Namikivirus yamaki
OQ709208	68064	p__Uroviricota;c__Caudoviricetes;o__Zierdtviridae;f__Zierdtviridae;g__Commandariavirus;s__Commandariavirus commandaria
MK392368	42954	p__Uroviricota;c__Caudoviricetes;o__Elesarvirus;f__Elesarvirus;g__Elesarvirus;s__Elesarvirus elesar
ON392166	41834	p__Uroviricota;c__Caudoviricetes;o__Nanditavirus;f__Nanditavirus;g__Nanditavirus;s__Nanditavirus cole
MH834621	42378	p__Uroviricota;c__Caudoviricetes;o__Nanditavirus;f__Nanditavirus;g__Nanditavirus;s__Nanditavirus nandita
MZ274308	41822	p__Uroviricota;c__Caudoviricetes;o__Nanditavirus;f__Nanditavirus;g__Nanditavirus;s__Nanditavirus popper
MH834607	15771	p__Uroviricota;c__Caudoviricetes;o__Corgivirus;f__Corgivirus;g__Corgivirus;s__Corgivirus corgi
MK757448	15675	p__Uroviricota;c__Caudoviricetes;o__Idahovirus;f__Idahovirus;g__Idahovirus;s__Idahovirus idaho
MH834622	15013	p__Uroviricota;c__Caudoviricetes;o__Noelyvirus;f__Noelyvirus;g__Noelyvirus;s__Noelyvirus noely
OK040171	94844	p__Uroviricota;c__Caudoviricetes;o__Dilongvirus;f__Dilongvirus;g__Dilongvirus;s__Dilongvirus PHB09
OM982620	97636	p__Uroviricota;c__Caudoviricetes;o__Kremarvirus;f__Kremarvirus;g__Kremarvirus;s__Kremarvirus kremar
MZ826350	98536	p__Uroviricota;c__Caudoviricetes;o__Kremarvirus;f__Kremarvirus;g__Kremarvirus;s__Kremarvirus M51
MW175491	99229	p__Uroviricota;c__Caudoviricetes;o__Otagovirus;f__Otagovirus;g__Otagovirus;s__Otagovirus PN09
MT670417	100180	p__Uroviricota;c__Caudoviricetes;o__Otagovirus;f__Otagovirus;g__Otagovirus;s__Otagovirus psa267
MT670419	98739	p__Uroviricota;c__Caudoviricetes;o__Otagovirus;f__Otagovirus;g__Otagovirus;s__Otagovirus psa315
MF893340	97330	p__Uroviricota;c__Caudoviricetes;o__Shenlongvirus;f__Shenlongvirus;g__Shenlongvirus;s__Shenlongvirus PPSC2
MN070121	44342	p__Uroviricota;c__Caudoviricetes;o__Cornellvirus;f__Cornellvirus;g__Cornellvirus;s__Cornellvirus shemara
MF158037	42701	p__Uroviricota;c__Caudoviricetes;o__Cornellvirus;f__Cornellvirus;g__Cornellvirus;s__Cornellvirus St162
MK214385	41515	p__Uroviricota;c__Caudoviricetes;o__Cornellvirus;f__Cornellvirus;g__Cornellvirus;s__Cornellvirus TS6
MH424444	43110	p__Uroviricota;c__Caudoviricetes;o__Cornellvirus;f__Cornellvirus;g__Cornellvirus;s__Cornellvirus VSiP
MT074473	41993	p__Uroviricota;c__Caudoviricetes;o__Jerseyvirus;f__Jerseyvirus;g__Jerseyvirus;s__Jerseyvirus blauehaus
MT074432	43985	p__Uroviricota;c__Caudoviricetes;o__Jerseyvirus;f__Jerseyvirus;g__Jerseyvirus;s__Jerseyvirus dunkel
MW355461	42847	p__Uroviricota;c__Caudoviricetes;o__Jerseyvirus;f__Jerseyvirus;g__Jerseyvirus;s__Jerseyvirus ER1
OP745619	43628	p__Uroviricota;c__Caudoviricetes;o__Jerseyvirus;f__Jerseyvirus;g__Jerseyvirus;s__Jerseyvirus F12013
ON720977	42078	p__Uroviricota;c__Caudoviricetes;o__Jerseyvirus;f__Jerseyvirus;g__Jerseyvirus;s__Jerseyvirus GRNsp50
KY379853	41854	p__Uroviricota;c__Caudoviricetes;o__Jerseyvirus;f__Jerseyvirus;g__Jerseyvirus;s__Jerseyvirus LPSE1
OP389270	43205	p__Uroviricota;c__Caudoviricetes;o__Jerseyvirus;f__Jerseyvirus;g__Jerseyvirus;s__Jerseyvirus METP100143
MT677933	41850	p__Uroviricota;c__Caudoviricetes;o__Jerseyvirus;f__Jerseyvirus;g__Jerseyvirus;s__Jerseyvirus NBSal006
OM291373	41332	p__Uroviricota;c__Caudoviricetes;o__Jerseyvirus;f__Jerseyvirus;g__Jerseyvirus;s__Jerseyvirus PBSE191
MT074430	43203	p__Uroviricota;c__Caudoviricetes;o__Jerseyvirus;f__Jerseyvirus;g__Jerseyvirus;s__Jerseyvirus pink
OK108608	42662	p__Uroviricota;c__Caudoviricetes;o__Jerseyvirus;f__Jerseyvirus;g__Jerseyvirus;s__Jerseyvirus S528
KX649889	42147	p__Uroviricota;c__Caudoviricetes;o__Jerseyvirus;f__Jerseyvirus;g__Jerseyvirus;s__Jerseyvirus SEW109
OK169616	42345	p__Uroviricota;c__Caudoviricetes;o__Jerseyvirus;f__Jerseyvirus;g__Jerseyvirus;s__Jerseyvirus SGPC
MT740291	40629	p__Uroviricota;c__Caudoviricetes;o__Jerseyvirus;f__Jerseyvirus;g__Jerseyvirus;s__Jerseyvirus SHWT1
MT074483	42879	p__Uroviricota;c__Caudoviricetes;o__Jerseyvirus;f__Jerseyvirus;g__Jerseyvirus;s__Jerseyvirus skrot
KY176369	43428	p__Uroviricota;c__Caudoviricetes;o__Jerseyvirus;f__Jerseyvirus;g__Jerseyvirus;s__Jerseyvirus STP03
MT074462	41598	p__Uroviricota;c__Caudoviricetes;o__Jerseyvirus;f__Jerseyvirus;g__Jerseyvirus;s__Jerseyvirus templet
MH424445	41581	p__Uroviricota;c__Caudoviricetes;o__Jerseyvirus;f__Jerseyvirus;g__Jerseyvirus;s__Jerseyvirus VSt10
OP793478	42689	p__Uroviricota;c__Caudoviricetes;o__Jerseyvirus;f__Jerseyvirus;g__Jerseyvirus;s__Jerseyvirus ZCSE9
KY295896	41039	p__Uroviricota;c__Caudoviricetes;o__Kagunavirus;f__Kagunavirus;g__Kagunavirus;s__Kagunavirus LAB2017
OM810255	41222	p__Uroviricota;c__Caudoviricetes;o__Kagunavirus;f__Kagunavirus;g__Kagunavirus;s__Kagunavirus UTICM001
ON366410	43140	p__Uroviricota;c__Caudoviricetes;o__Layangavirus;f__Layangavirus;g__Layangavirus;s__Layangavirus LY1
OP646176	42221	p__Uroviricota;c__Caudoviricetes;o__Layangbvirus;f__Layangbvirus;g__Layangbvirus;s__Layangbvirus LY5
OM236516	164756	p__Uroviricota;c__Caudoviricetes;o__Zhangjivirus;f__Zhangjivirus;g__Zhangjivirus;s__Zhangjivirus fado
MG197810	47797	p__Uroviricota;c__Caudoviricetes;o__Bimevirus;f__Bimevirus;g__Bimevirus;s__Bimevirus bv1611EK21
MK685667	49482	p__Uroviricota;c__Caudoviricetes;o__Bimevirus;f__Bimevirus;g__Bimevirus;s__Bimevirus IME346
MT757392	48245	p__Uroviricota;c__Caudoviricetes;o__Bimevirus;f__Bimevirus;g__Bimevirus;s__Bimevirus KB2
MZ374361	49532	p__Uroviricota;c__Caudoviricetes;o__Chaoyangvirus;f__Chaoyangvirus;g__Chaoyangvirus;s__Chaoyangvirus BUCT49532
MZ504995	50707	p__Uroviricota;c__Caudoviricetes;o__Geezettvirus;f__Geezettvirus;g__Geezettvirus;s__Geezettvirus geezett
ON602758	48833	p__Uroviricota;c__Caudoviricetes;o__Mascletvirus;f__Mascletvirus;g__Mascletvirus;s__Mascletvirus VLCpiM12a
MN689778	49169	p__Uroviricota;c__Caudoviricetes;o__Parissaclayvirus;f__Parissaclayvirus;g__Parissaclayvirus;s__Parissaclayvirus POU148
MZ398021	47333	p__Uroviricota;c__Caudoviricetes;o__Ringroadvirus;f__Ringroadvirus;g__Ringroadvirus;s__Ringroadvirus BUCT47333
MT894004	47129	p__Uroviricota;c__Caudoviricetes;o__Sircambvirus;f__Sircambvirus;g__Sircambvirus;s__Sircambvirus MEW1
ON809560	48837	p__Uroviricota;c__Caudoviricetes;o__Sircambvirus;f__Sircambvirus;g__Sircambvirus;s__Sircambvirus pKp383
OP114730	49371	p__Uroviricota;c__Caudoviricetes;o__Zewailvirus;f__Zewailvirus;g__Zewailvirus;s__Zewailvirus SBP
ON086804	48021	p__Uroviricota;c__Caudoviricetes;o__Zewailvirus;f__Zewailvirus;g__Zewailvirus;s__Zewailvirus ZCEC13
MN734437	43318	p__Uroviricota;c__Caudoviricetes;o__Eidolonvirus;f__Eidolonvirus;g__Eidolonvirus;s__Eidolonvirus eidolon
MN734438	44200	p__Uroviricota;c__Caudoviricetes;o__Kharnvirus;f__Kharnvirus;g__Kharnvirus;s__Kharnvirus lucius
MK574078	43470	p__Uroviricota;c__Caudoviricetes;o__Kipunavirus;f__Kipunavirus;g__Kipunavirus;s__Kipunavirus KP1
OK330455	42820	p__Uroviricota;c__Caudoviricetes;o__Septimatrevirus;f__Septimatrevirus;g__Septimatrevirus;s__Septimatrevirus kopi
OP712466	43315	p__Uroviricota;c__Caudoviricetes;o__Septimatrevirus;f__Septimatrevirus;g__Septimatrevirus;s__Septimatrevirus PSV32
MN062187	43314	p__Uroviricota;c__Caudoviricetes;o__Septimatrevirus;f__Septimatrevirus;g__Septimatrevirus;s__Septimatrevirus samson
OK040792	53094	p__Uroviricota;c__Caudoviricetes;o__Kozievirus;f__Kozievirus;g__Kozievirus;s__Kozievirus kozie
MN586020	55210	p__Uroviricota;c__Caudoviricetes;o__Meganvirus;f__Meganvirus;g__Meganvirus;s__Meganvirus megan
MK937591	55366	p__Uroviricota;c__Caudoviricetes;o__Mementomorivirus;f__Mementomorivirus;g__Mementomorivirus;s__Mementomorivirus cinna
MK937608	55957	p__Uroviricota;c__Caudoviricetes;o__Mementomorivirus;f__Mementomorivirus;g__Mementomorivirus;s__Mementomorivirus cressida
MK937606	56033	p__Uroviricota;c__Caudoviricetes;o__Mementomorivirus;f__Mementomorivirus;g__Mementomorivirus;s__Mementomorivirus margaery
MN813684	55691	p__Uroviricota;c__Caudoviricetes;o__Mementomorivirus;f__Mementomorivirus;g__Mementomorivirus;s__Mementomorivirus terij
MN585986	54347	p__Uroviricota;c__Caudoviricetes;o__Metamorphoovirus;f__Metamorphoovirus;g__Metamorphoovirus;s__Metamorphoovirus ariadne
MN586042	53352	p__Uroviricota;c__Caudoviricetes;o__Metamorphoovirus;f__Metamorphoovirus;g__Metamorphoovirus;s__Metamorphoovirus jayden
MN586059	53496	p__Uroviricota;c__Caudoviricetes;o__Metamorphoovirus;f__Metamorphoovirus;g__Metamorphoovirus;s__Metamorphoovirus teamocil
MN175603	53975	p__Uroviricota;c__Caudoviricetes;o__Metamorphoovirus;f__Metamorphoovirus;g__Metamorphoovirus;s__Metamorphoovirus tyrumba
MT657336	52987	p__Uroviricota;c__Caudoviricetes;o__Quhwahvirus;f__Quhwahvirus;g__Quhwahvirus;s__Quhwahvirus clearasmud
MZ622179	53154	p__Uroviricota;c__Caudoviricetes;o__Quhwahvirus;f__Quhwahvirus;g__Quhwahvirus;s__Quhwahvirus honeyfin
OP882271	60958	p__Uroviricota;c__Caudoviricetes;o__Micathvirus;f__Micathvirus;g__Micathvirus;s__Micathvirus micath
KX898400	57839	p__Uroviricota;c__Caudoviricetes;o__Nipunavirus;f__Nipunavirus;g__Nipunavirus;s__Nipunavirus JG054
MN504636	58277	p__Uroviricota;c__Caudoviricetes;o__Nipunavirus;f__Nipunavirus;g__Nipunavirus;s__Nipunavirus quinobequin
MN820898	63743	p__Uroviricota;c__Caudoviricetes;o__Torvergatavirus;f__Torvergatavirus;g__Torvergatavirus;s__Torvergatavirus MMDA13
ON169972	94775	p__Uroviricota;c__Caudoviricetes;o__Baldwinvirus;f__Baldwinvirus;g__Baldwinvirus;s__Baldwinvirus EM
MK138526	92319	p__Uroviricota;c__Caudoviricetes;o__Pakpunavirus;f__Pakpunavirus;g__Pakpunavirus;s__Pakpunavirus LCK69
MH791399	93975	p__Uroviricota;c__Caudoviricetes;o__Pakpunavirus;f__Pakpunavirus;g__Pakpunavirus;s__Pakpunavirus PaGz-1
ON189042	44239	p__Uroviricota;c__Caudoviricetes;o__Shirevirus;f__Shirevirus;g__Shirevirus;s__Shirevirus langgrundblatt1
ON189044	43791	p__Uroviricota;c__Caudoviricetes;o__Shirevirus;f__Shirevirus;g__Shirevirus;s__Shirevirus pfeifenkraut
LR743530	45510	p__Uroviricota;c__Caudoviricetes;o__Subavirus;f__Subavirus;g__Subavirus;s__Subavirus suba
OP744025	145365	p__Uroviricota;c__Caudoviricetes;o__Septuagintavirus;f__Septuagintavirus;g__Septuagintavirus;s__Septuagintavirus sv54
OX460980	136399	p__Uroviricota;c__Caudoviricetes;o__Vequintavirus;f__Vequintavirus;g__Vequintavirus;s__Vequintavirus Aya
MK883717	136993	p__Uroviricota;c__Caudoviricetes;o__Vequintavirus;f__Vequintavirus;g__Vequintavirus;s__Vequintavirus ECP26
MH491969	136026	p__Uroviricota;c__Caudoviricetes;o__Vequintavirus;f__Vequintavirus;g__Vequintavirus;s__Vequintavirus LL12
MZ501266	43866	p__Uroviricota;c__Caudoviricetes;o__Ahotrevirus;f__Ahotrevirus;g__Ahotrevirus;s__Ahotrevirus AH03
ON724010	16662	p__Uroviricota;c__Caudoviricetes;o__Amherstvirus;f__Amherstvirus;g__Amherstvirus;s__Amherstvirus pineapplepizza
MW672041	33631	p__Uroviricota;c__Caudoviricetes;o__Amiranvirus;f__Amiranvirus;g__Amiranvirus;s__Amiranvirus Gecefs9
MT514532	49683	p__Uroviricota;c__Caudoviricetes;o__Andromedavirus;f__Andromedavirus;g__Andromedavirus;s__Andromedavirus bolokhovo
MT422786	49258	p__Uroviricota;c__Caudoviricetes;o__Andromedavirus;f__Andromedavirus;g__Andromedavirus;s__Andromedavirus novomoskovsk
OP491958	85188	p__Uroviricota;c__Caudoviricetes;o__Aquaneticvirus;f__Aquaneticvirus;g__Aquaneticvirus;s__Aquaneticvirus ApT65
DQ003637	38867	p__Uroviricota;c__Caudoviricetes;o__Aquingentivirus;f__Aquingentivirus;g__Aquingentivirus;s__Aquingentivirus A500
LR991625	42884	p__Uroviricota;c__Caudoviricetes;o__Aramisvirus;f__Aramisvirus;g__Aramisvirus;s__Aramisvirus dArtagnan
AY576796	58638	p__Uroviricota;c__Caudoviricetes;o__Aspduovirus;f__Aspduovirus;g__Aspduovirus;s__Aspduovirus Asp2
OK500002	37369	p__Uroviricota;c__Caudoviricetes;o__Athenavirus;f__Athenavirus;g__Athenavirus;s__Athenavirus athena
OQ709211	45336	p__Uroviricota;c__Caudoviricetes;o__Aziravirus;f__Aziravirus;g__Aziravirus;s__Aziravirus azira
MN310549	45810	p__Uroviricota;c__Caudoviricetes;o__Aziravirus;f__Aziravirus;g__Aziravirus;s__Aziravirus gibbous
OP580516	50446	p__Uroviricota;c__Caudoviricetes;o__Bauervirus;f__Bauervirus;g__Bauervirus;s__Bauervirus bauer
OQ735257	68541	p__Uroviricota;c__Caudoviricetes;o__Bglawtbvirus;f__Bglawtbvirus;g__Bglawtbvirus;s__Bglawtbvirus WTB
OP297545	42211	p__Uroviricota;c__Caudoviricetes;o__Bismarckvirus;f__Bismarckvirus;g__Bismarckvirus;s__Bismarckvirus shambre1
MT024867	16302	p__Uroviricota;c__Caudoviricetes;o__Bluefeathervirus;f__Bluefeathervirus;g__Bluefeathervirus;s__Bluefeathervirus bluefeather
OM135608	42045	p__Uroviricota;c__Caudoviricetes;o__Bonzeevirus;f__Bonzeevirus;g__Bonzeevirus;s__Bonzeevirus bonzee
OL539442	42052	p__Uroviricota;c__Caudoviricetes;o__Bonzeevirus;f__Bonzeevirus;g__Bonzeevirus;s__Bonzeevirus ulliraptor
KX557288	69165	p__Uroviricota;c__Caudoviricetes;o__Chewyvirus;f__Chewyvirus;g__Chewyvirus;s__Chewyvirus chewyVIII
KU958700	34742	p__Uroviricota;c__Caudoviricetes;o__Chymeravirus;f__Chymeravirus;g__Chymeravirus;s__Chymeravirus chymera
LC513943	40248	p__Uroviricota;c__Caudoviricetes;o__Delfunavirus;f__Delfunavirus;g__Delfunavirus;s__Delfunavirus delf1
CAJDKB010000002	40542	p__Uroviricota;c__Caudoviricetes;o__Delfunavirus;f__Delfunavirus;g__Delfunavirus;s__Delfunavirus v268
MG581355	44283	p__Uroviricota;c__Caudoviricetes;o__Dhillonvirus;f__Dhillonvirus;g__Dhillonvirus;s__Dhillonvirus B2
MW822006	44963	p__Uroviricota;c__Caudoviricetes;o__Dhillonvirus;f__Dhillonvirus;g__Dhillonvirus;s__Dhillonvirus BF9
MT884014	44612	p__Uroviricota;c__Caudoviricetes;o__Dhillonvirus;f__Dhillonvirus;g__Dhillonvirus;s__Dhillonvirus bov221
MT478993	45204	p__Uroviricota;c__Caudoviricetes;o__Dhillonvirus;f__Dhillonvirus;g__Dhillonvirus;s__Dhillonvirus dv011D5
MZ501070	44295	p__Uroviricota;c__Caudoviricetes;o__Dhillonvirus;f__Dhillonvirus;g__Dhillonvirus;s__Dhillonvirus georgbuechner
KX534336	44513	p__Uroviricota;c__Caudoviricetes;o__Dhillonvirus;f__Dhillonvirus;g__Dhillonvirus;s__Dhillonvirus gluttony
OK272488	45011	p__Uroviricota;c__Caudoviricetes;o__Dhillonvirus;f__Dhillonvirus;g__Dhillonvirus;s__Dhillonvirus JLBYU37
OK272474	44804	p__Uroviricota;c__Caudoviricetes;o__Dhillonvirus;f__Dhillonvirus;g__Dhillonvirus;s__Dhillonvirus JLBYU60
MZ501088	43104	p__Uroviricota;c__Caudoviricetes;o__Dhillonvirus;f__Dhillonvirus;g__Dhillonvirus;s__Dhillonvirus karlbarth
MN850629	44443	p__Uroviricota;c__Caudoviricetes;o__Dhillonvirus;f__Dhillonvirus;g__Dhillonvirus;s__Dhillonvirus mckay
OK499985	44583	p__Uroviricota;c__Caudoviricetes;o__Dhillonvirus;f__Dhillonvirus;g__Dhillonvirus;s__Dhillonvirus Over9000
MZ501097	44550	p__Uroviricota;c__Caudoviricetes;o__Dhillonvirus;f__Dhillonvirus;g__Dhillonvirus;s__Dhillonvirus paulfeyerabend
ON184124	45201	p__Uroviricota;c__Caudoviricetes;o__Dhillonvirus;f__Dhillonvirus;g__Dhillonvirus;s__Dhillonvirus PC2
OP046317	37268	p__Uroviricota;c__Caudoviricetes;o__Dhillonvirus;f__Dhillonvirus;g__Dhillonvirus;s__Dhillonvirus PEC14
MK138527	43945	p__Uroviricota;c__Caudoviricetes;o__Dhillonvirus;f__Dhillonvirus;g__Dhillonvirus;s__Dhillonvirus PNS1
LT960609	44798	p__Uroviricota;c__Caudoviricetes;o__Dhillonvirus;f__Dhillonvirus;g__Dhillonvirus;s__Dhillonvirus SECphi18
LN881730	43900	p__Uroviricota;c__Caudoviricetes;o__Dhillonvirus;f__Dhillonvirus;g__Dhillonvirus;s__Dhillonvirus slur05
OL615010	44715	p__Uroviricota;c__Caudoviricetes;o__Dhillonvirus;f__Dhillonvirus;g__Dhillonvirus;s__Dhillonvirus stardew
MW862804	44281	p__Uroviricota;c__Caudoviricetes;o__Dhillonvirus;f__Dhillonvirus;g__Dhillonvirus;s__Dhillonvirus UAEM101
MN850589	45207	p__Uroviricota;c__Caudoviricetes;o__Dhillonvirus;f__Dhillonvirus;g__Dhillonvirus;s__Dhillonvirus welsh
MK373790	47082	p__Uroviricota;c__Caudoviricetes;o__Dhillonvirus;f__Dhillonvirus;g__Dhillonvirus;s__Dhillonvirus WF5505
OM262541	45901	p__Uroviricota;c__Caudoviricetes;o__Dhillonvirus;f__Dhillonvirus;g__Dhillonvirus;s__Dhillonvirus Zar3M
OK310514	44776	p__Uroviricota;c__Caudoviricetes;o__Dhillonvirus;f__Dhillonvirus;g__Dhillonvirus;s__Dhillonvirus ZCEC10
MW291017	93606	p__Uroviricota;c__Caudoviricetes;o__Dolmabahcevirus;f__Dolmabahcevirus;g__Dolmabahcevirus;s__Dolmabahcevirus turkishdelight
KT588072	42265	p__Uroviricota;c__Caudoviricetes;o__Efemquintavirus;f__Efemquintavirus;g__Efemquintavirus;s__Efemquintavirus Efm5
KJ010489	42597	p__Uroviricota;c__Caudoviricetes;o__Efemunavirus;f__Efemunavirus;g__Efemunavirus;s__Efemunavirus Efm1
OP018674	42236	p__Uroviricota;c__Caudoviricetes;o__Efemunavirus;f__Efemunavirus;g__Efemunavirus;s__Efemunavirus Lg62
OP534061	138084	p__Uroviricota;c__Caudoviricetes;o__Efunavirus;f__Efunavirus;g__Efunavirus;s__Efunavirus H1
MN586033	37429	p__Uroviricota;c__Caudoviricetes;o__Emirosevirus;f__Emirosevirus;g__Emirosevirus;s__Emirosevirus emirose
ON456347	47895	p__Uroviricota;c__Caudoviricetes;o__Finkelvirus;f__Finkelvirus;g__Finkelvirus;s__Finkelvirus finkel
MZ150789	39738	p__Uroviricota;c__Caudoviricetes;o__Footloosevirus;f__Footloosevirus;g__Footloosevirus;s__Footloosevirus footloose
GQ919031	90435	p__Uroviricota;c__Caudoviricetes;o__Fuzanglongvirus;f__Fuzanglongvirus;g__Fuzanglongvirus;s__Fuzanglongvirus ZL12
MN234216	129136	p__Uroviricota;c__Caudoviricetes;o__Gilgameshvirus;f__Gilgameshvirus;g__Gilgameshvirus;s__Gilgameshvirus gilgamesh
MF140423	58839	p__Uroviricota;c__Caudoviricetes;o__Gordonvirus;f__Gordonvirus;g__Gordonvirus;s__Gordonvirus nightmare
MF038790	58405	p__Uroviricota;c__Caudoviricetes;o__Gordonvirus;f__Gordonvirus;g__Gordonvirus;s__Gordonvirus niktson
MH399789	58120	p__Uroviricota;c__Caudoviricetes;o__Gordonvirus;f__Gordonvirus;g__Gordonvirus;s__Gordonvirus tatanka
MH362766	42858	p__Uroviricota;c__Caudoviricetes;o__Halfdanvirus;f__Halfdanvirus;g__Halfdanvirus;s__Halfdanvirus halfdan
MH155870	56362	p__Uroviricota;c__Caudoviricetes;o__Ibantikvirus;f__Ibantikvirus;g__Ibantikvirus;s__Ibantikvirus ibantik
MN234184	38341	p__Uroviricota;c__Caudoviricetes;o__Identitycrisisvirus;f__Identitycrisisvirus;g__Identitycrisisvirus;s__Identitycrisisvirus identitycrisis
MT451980	38137	p__Uroviricota;c__Caudoviricetes;o__Ignaciovirus;f__Ignaciovirus;g__Ignaciovirus;s__Ignaciovirus ignacio
MH744420	58268	p__Uroviricota;c__Caudoviricetes;o__Krompvirus;f__Krompvirus;g__Krompvirus;s__Krompvirus kromp
MK977707	49798	p__Uroviricota;c__Caudoviricetes;o__Lilspottyvirus;f__Lilspottyvirus;g__Lilspottyvirus;s__Lilspottyvirus lilspotty
MN234170	54301	p__Uroviricota;c__Caudoviricetes;o__Malagasyrosevirus;f__Malagasyrosevirus;g__Malagasyrosevirus;s__Malagasyrosevirus malagasyrose
ON191532	46226	p__Uroviricota;c__Caudoviricetes;o__Mboquatrovirus;f__Mboquatrovirus;g__Mboquatrovirus;s__Mboquatrovirus Mbo4
KU708004	55060	p__Uroviricota;c__Caudoviricetes;o__Miecznikowavirus;f__Miecznikowavirus;g__Miecznikowavirus;s__Miecznikowavirus AH14a
OP434449	33432	p__Uroviricota;c__Caudoviricetes;o__Oscarsovirus;f__Oscarsovirus;g__Oscarsovirus;s__Oscarsovirus oscarso
ON087563	39857	p__Uroviricota;c__Caudoviricetes;o__Otakuvirus;f__Otakuvirus;g__Otakuvirus;s__Otakuvirus otaku
MW082583	39799	p__Uroviricota;c__Caudoviricetes;o__Otakuvirus;f__Otakuvirus;g__Otakuvirus;s__Otakuvirus Tsm2
KT716399	55349	p__Uroviricota;c__Caudoviricetes;o__Porunavirus;f__Porunavirus;g__Porunavirus;s__Porunavirus POR1
OK040790	186095	p__Uroviricota;c__Caudoviricetes;o__Pumpernickelvirus;f__Pumpernickelvirus;g__Pumpernickelvirus;s__Pumpernickelvirus pumpernickel
